concurrency,timestamp,latency_s,success
0,1789567656.9576476,0.015732288360595703,True
0,1789567656.9733799,0.0028235912322998047,True
0,1789567657.007648,0.006674289703369141,True
0,1789567657.0382946,0.006949424743652344,True
0,1789567657.0723639,0.003316164016723633,True
0,1789567657.103933,0.0005071163177490234,True
0,1789567657.1394765,0.0011780261993408203,True
0,1789567657.1611524,0.0,True
0,1789567657.1924753,0.0010356903076171875,True
0,1789567657.2234516,0.0007250308990478516,True
0,1789567657.2570982,0.0006525516510009766,True
0,1789567657.279141,0.0011010169982910156,True
0,1789567657.3065856,0.001140594482421875,True
0,1789567657.3392446,0.001546621322631836,True
0,1789567657.3731658,0.0011696815490722656,True
0,1789567657.4073436,0.0010123252868652344,True
0,1789567657.441817,0.001522064208984375,True
0,1789567657.473425,0.0010972023010253906,True
0,1789567657.5064502,0.0012345314025878906,True
0,1789567657.5282612,0.0017044544219970703,True
0,1789567657.5563283,0.0017235279083251953,True
0,1789567657.589244,0.0013911724090576172,True
0,1789567657.6237004,0.0005152225494384766,True
0,1789567657.6590593,0.0009965896606445312,True
0,1789567657.6928291,0.001008749008178711,True
0,1789567657.7235427,0.0015101432800292969,True
0,1789567657.7580416,0.0006284713745117188,True
0,1789567657.781202,0.0006794929504394531,True
0,1789567657.8061585,0.0006923675537109375,True
0,1789567657.841394,0.00033092498779296875,True
0,1789567657.8761868,0.0006008148193359375,True
0,1789567657.906146,0.0017261505126953125,True
0,1789567657.9396374,0.0012056827545166016,True
0,1789567657.940843,0.0,True
0,1789567657.973704,0.0017240047454833984,True
0,1789567658.0063531,0.0007638931274414062,True
0,1789567658.03786,0.0012025833129882812,True
0,1789567658.069309,0.001260519027709961,True
0,1789567658.0922909,0.0005056858062744141,True
0,1789567658.1233158,0.001178741455078125,True
0,1789567658.1559834,0.0017056465148925781,True
0,1789567658.1786582,0.0013899803161621094,True
0,1789567658.2077858,0.0006413459777832031,True
0,1789567658.2435365,0.0007681846618652344,True
0,1789567658.272389,0.0017457008361816406,True
0,1789567658.3060892,0.0018014907836914062,True
0,1789567658.3393435,0.0016968250274658203,True
0,1789567658.3725772,0.0011324882507324219,True
0,1789567658.4053576,0.0014009475708007812,True
0,1789567658.426928,0.0006954669952392578,True
0,1789567658.4580107,0.0006763935089111328,True
0,1789567658.4896593,0.0006127357482910156,True
0,1789567658.5224066,0.0006163120269775391,True
0,1789567658.5436373,0.0006935596466064453,True
0,1789567658.5765567,0.001028299331665039,True
0,1789567658.6079113,0.002240896224975586,True
0,1789567658.6397457,0.0007607936859130859,True
0,1789567658.6615489,0.001214742660522461,True
0,1789567658.6897998,0.0006847381591796875,True
0,1789567658.6915016,0.0009944438934326172,True
0,1789567658.724374,0.0016417503356933594,True
0,1789567658.757898,0.0027031898498535156,True
0,1789567658.789675,0.0003371238708496094,True
0,1789567658.822905,0.0015094280242919922,True
0,1789567658.8578448,0.0009131431579589844,True
0,1789567658.8925226,0.0012242794036865234,True
0,1789567658.8937469,0.0,True
0,1789567658.9224868,0.0016629695892333984,True
0,1789567658.9559581,0.00251007080078125,True
0,1789567658.989692,0.0010402202606201172,True
0,1789567659.0210202,0.0,True
0,1789567659.0537918,0.0,True
0,1789567659.0759108,0.001001596450805664,True
0,1789567659.1072114,0.0016782283782958984,True
0,1789567659.1380126,0.001192331314086914,True
0,1789567659.1724756,0.0007498264312744141,True
0,1789567659.1933374,0.0007650852203369141,True
0,1789567659.2241113,0.0019145011901855469,True
0,1789567659.25564,0.001882314682006836,True
0,1789567659.2884278,0.0010492801666259766,True
0,1789567659.3221996,0.0006482601165771484,True
0,1789567659.3540282,0.0023317337036132812,True
0,1789567659.3879895,0.0013165473937988281,True
0,1789567659.411147,0.0013802051544189453,True
0,1789567659.4433858,0.0005612373352050781,True
0,1789567659.473281,0.0020036697387695312,True
0,1789567659.5060015,0.002079486846923828,True
0,1789567659.5395422,0.0005586147308349609,True
0,1789567659.5753117,0.0015363693237304688,True
0,1789567659.6073973,0.0006330013275146484,True
0,1789567659.6427548,0.0008962154388427734,True
0,1789567659.643651,0.0,True
0,1789567659.6737146,0.0011589527130126953,True
0,1789567659.6748736,0.0011911392211914062,True
0,1789567659.7061052,0.0005974769592285156,True
0,1789567659.7394989,0.0006351470947265625,True
0,1789567659.7721875,0.0005693435668945312,True
0,1789567659.8057547,0.0005886554718017578,True
0,1789567659.8270802,0.0006456375122070312,True
0,1789567659.8562713,0.001233816146850586,True
0,1789567659.8883197,0.0017862319946289062,True
0,1789567659.9226246,0.0011072158813476562,True
0,1789567659.9547124,0.0012066364288330078,True
0,1789567659.955919,0.0008072853088378906,True
0,1789567659.9880128,0.0005855560302734375,True
0,1789567660.0089242,0.0,True
0,1789567660.0394256,0.001215219497680664,True
0,1789567660.0729675,0.002151012420654297,True
0,1789567660.1096058,0.0009648799896240234,True
0,1789567660.139201,0.0016062259674072266,True
0,1789567660.172533,0.0018339157104492188,True
0,1789567660.2075276,0.0018627643585205078,True
0,1789567660.2394605,0.0009284019470214844,True
0,1789567660.2619288,0.0011754035949707031,True
0,1789567660.296543,0.0018954277038574219,True
0,1789567660.3223963,0.0010578632354736328,True
0,1789567660.3554146,0.0016181468963623047,True
0,1789567660.3882782,0.0018579959869384766,True
0,1789567660.4101448,0.0012581348419189453,True
0,1789567660.4403055,0.0007059574127197266,True
0,1789567660.472554,0.0011396408081054688,True
0,1789567660.5039968,0.0006248950958251953,True
0,1789567660.5394392,0.0010080337524414062,True
0,1789567660.5724626,0.0007648468017578125,True
0,1789567660.6061964,0.0005559921264648438,True
0,1789567660.6426606,0.0010454654693603516,True
0,1789567660.643706,0.002681732177734375,True
0,1789567660.6725883,0.0006508827209472656,True
0,1789567660.708367,0.0006656646728515625,True
0,1789567660.739331,0.0013227462768554688,True
0,1789567660.7718573,0.0005495548248291016,True
0,1789567660.804628,0.0005428791046142578,True
0,1789567660.8382547,0.0010144710540771484,True
0,1789567660.8608882,0.0006508827209472656,True
0,1789567660.8898273,0.0009145736694335938,True
0,1789567660.9207652,0.0014259815216064453,True
0,1789567660.953862,0.0006327629089355469,True
0,1789567660.9749637,0.0005118846893310547,True
0,1789567661.006314,0.002113819122314453,True
0,1789567661.0383217,0.0012886524200439453,True
0,1789567661.0599678,0.0006854534149169922,True
0,1789567661.0900078,0.0007879734039306641,True
0,1789567661.121781,0.0011944770812988281,True
0,1789567661.1552262,0.0016024112701416016,True
0,1789567661.1768796,0.0007126331329345703,True
0,1789567661.2070506,0.0007729530334472656,True
0,1789567661.2398953,0.0011014938354492188,True
0,1789567661.2621794,0.0012240409851074219,True
0,1789567661.2894623,0.0013587474822998047,True
0,1789567661.3209336,0.0011680126190185547,True
0,1789567661.3541038,0.0007538795471191406,True
0,1789567661.3891358,0.000957489013671875,True
0,1789567661.4204893,0.0006277561187744141,True
0,1789567661.442531,0.001028299331665039,True
0,1789567661.47264,0.0003497600555419922,True
0,1789567661.505432,0.0013408660888671875,True
0,1789567661.5383756,0.001584768295288086,True
0,1789567661.5616157,0.001032114028930664,True
0,1789567661.5918994,0.001050710678100586,True
0,1789567661.622648,0.0005314350128173828,True
0,1789567661.6557763,0.0007531642913818359,True
0,1789567661.690749,0.0015330314636230469,True
0,1789567661.7231708,0.0014340877532958984,True
0,1789567661.746543,0.0,True
0,1789567661.7721853,0.0007352828979492188,True
0,1789567661.805202,0.0007266998291015625,True
0,1789567661.8271995,0.000690460205078125,True
0,1789567661.856906,0.0006556510925292969,True
0,1789567661.8923798,0.0008332729339599609,True
0,1789567661.922273,0.0009942054748535156,True
0,1789567661.953825,0.0007352828979492188,True
0,1789567661.9759915,0.0006656646728515625,True
0,1789567662.005536,0.0006089210510253906,True
0,1789567662.028362,0.0015058517456054688,True
0,1789567662.0589166,0.0015361309051513672,True
0,1789567662.0896518,0.0007789134979248047,True
0,1789567662.1230726,0.0011839866638183594,True
0,1789567662.1559772,0.001316070556640625,True
0,1789567662.1888902,0.001220703125,True
0,1789567662.2235608,0.001598358154296875,True
0,1789567662.25599,0.0006535053253173828,True
0,1789567662.277916,0.00040602684020996094,True
0,1789567662.3061104,0.0006039142608642578,True
0,1789567662.3396482,0.0005316734313964844,True
0,1789567662.3708324,0.0017406940460205078,True
0,1789567662.4039838,0.0016937255859375,True
0,1789567662.4267256,0.002656221389770508,True
0,1789567662.4566178,0.001031637191772461,True
0,1789567662.478352,0.001107931137084961,True
0,1789567662.5050943,0.0006914138793945312,True
0,1789567662.5274892,0.0,True
0,1789567662.5558295,0.0011603832244873047,True
0,1789567662.578121,0.0012540817260742188,True
0,1789567662.6068308,0.0012133121490478516,True
0,1789567662.6426072,0.001257181167602539,True
0,1789567662.6583533,0.0007381439208984375,True
0,1789567662.6590915,0.0,True
0,1789567662.6893299,0.0011110305786132812,True
0,1789567662.690441,0.001013040542602539,True
0,1789567662.7224803,0.0009744167327880859,True
0,1789567662.7563875,0.00116729736328125,True
0,1789567662.7782478,0.0,True
0,1789567662.805342,0.0003185272216796875,True
0,1789567662.83967,0.0012629032135009766,True
0,1789567662.8739026,0.0011019706726074219,True
0,1789567662.9056373,0.0005221366882324219,True
0,1789567662.939149,0.000782012939453125,True
0,1789567662.973035,0.0013103485107421875,True
0,1789567663.0036993,0.0007138252258300781,True
0,1789567663.0383294,0.00064849853515625,True
0,1789567663.0733478,0.0018069744110107422,True
0,1789567663.1078882,0.0008344650268554688,True
0,1789567663.1387165,0.0012123584747314453,True
0,1789567663.1706207,0.0006103515625,True
0,1789567663.205712,0.0006663799285888672,True
0,1789567663.2063785,0.0,True
0,1789567663.2265618,0.0,True
0,1789567663.2557716,0.0014529228210449219,True
0,1789567663.288265,0.001325845718383789,True
0,1789567663.3225303,0.0006301403045654297,True
0,1789567663.3538508,0.0007040500640869141,True
0,1789567663.3889802,0.0018541812896728516,True
0,1789567663.420613,0.0015194416046142578,True
0,1789567663.4561806,0.0010852813720703125,True
0,1789567663.492459,0.0016644001007080078,True
0,1789567663.5203469,0.0014481544494628906,True
0,1789567663.5543828,0.0014536380767822266,True
0,1789567663.5768383,0.0,True
0,1789567663.6055605,0.0008356571197509766,True
0,1789567663.6264524,0.0,True
0,1789567663.6583788,0.0009214878082275391,True
0,1789567663.6597993,0.0005104541778564453,True
0,1789567663.6898577,0.0,True
0,1789567663.7106574,0.0,True
0,1789567663.7414691,0.0014166831970214844,True
0,1789567663.7754922,0.0010106563568115234,True
0,1789567663.8058443,0.0005242824554443359,True
0,1789567663.8390203,0.0005304813385009766,True
0,1789567663.8741474,0.002234220504760742,True
0,1789567663.9058936,0.0005426406860351562,True
0,1789567663.9400768,0.0006892681121826172,True
0,1789567663.940766,0.0008900165557861328,True
0,1789567663.9708703,0.0015201568603515625,True
0,1789567663.9723904,0.0010154247283935547,True
0,1789567664.0041044,0.0007450580596923828,True
0,1789567664.0398788,0.0011043548583984375,True
0,1789567664.0740733,0.0010344982147216797,True
0,1789567664.1063015,0.0008842945098876953,True
0,1789567664.1379604,0.001352548599243164,True
0,1789567664.1707673,0.001329660415649414,True
0,1789567664.1924007,0.0008699893951416016,True
0,1789567664.224332,0.0010352134704589844,True
0,1789567664.2558122,0.0007512569427490234,True
0,1789567664.2779143,0.0003719329833984375,True
0,1789567664.3060765,0.0005118846893310547,True
0,1789567664.3382936,0.0009720325469970703,True
0,1789567664.3708205,0.0012366771697998047,True
0,1789567664.405142,0.0010280609130859375,True
0,1789567664.4394913,0.0006530284881591797,True
0,1789567664.4726925,0.0,True
0,1789567664.5054655,0.0005977153778076172,True
0,1789567664.542807,0.0006818771362304688,True
0,1789567664.5703177,0.0016314983367919922,True
0,1789567664.5922058,0.0005123615264892578,True
0,1789567664.6245155,0.0012047290802001953,True
0,1789567664.6574488,0.0009996891021728516,True
0,1789567664.6914194,0.0014522075653076172,True
0,1789567664.7226214,0.0,True
0,1789567664.7429276,0.0006697177886962891,True
0,1789567664.7708237,0.0012331008911132812,True
0,1789567664.8059382,0.0007147789001464844,True
0,1789567664.8292253,0.0012097358703613281,True
0,1789567664.854753,0.0005769729614257812,True
0,1789567664.888782,0.0012001991271972656,True
0,1789567664.920345,0.0006937980651855469,True
0,1789567664.9542787,0.0005412101745605469,True
0,1789567664.985741,0.0005450248718261719,True
0,1789567665.0077493,0.0005857944488525391,True
0,1789567665.0380695,0.0005626678466796875,True
0,1789567665.0704002,0.0009398460388183594,True
0,1789567665.1059985,0.0006558895111083984,True
0,1789567665.1382837,0.0013413429260253906,True
0,1789567665.1690392,0.0016906261444091797,True
0,1789567665.2037199,0.000614166259765625,True
0,1789567665.22806,0.0,True
0,1789567665.2546759,0.0006089210510253906,True
0,1789567665.287044,0.0009038448333740234,True
0,1789567665.32274,0.0015473365783691406,True
0,1789567665.3535607,0.0006456375122070312,True
0,1789567665.3879004,0.0005679130554199219,True
0,1789567665.4091113,0.0011341571807861328,True
0,1789567665.439683,0.0010840892791748047,True
0,1789567665.440767,0.0010578632354736328,True
0,1789567665.4733562,0.0007348060607910156,True
0,1789567665.50534,0.0005741119384765625,True
0,1789567665.5379083,0.0006854534149169922,True
0,1789567665.5602608,0.0006318092346191406,True
0,1789567665.5914059,0.0015323162078857422,True
0,1789567665.6242359,0.0012755393981933594,True
0,1789567665.657221,0.00043845176696777344,True
0,1789567665.687979,0.0015490055084228516,True
0,1789567665.7240827,0.000579833984375,True
0,1789567665.7559524,0.0007872581481933594,True
0,1789567665.7931175,0.0006287097930908203,True
0,1789567665.8212574,0.0012357234954833984,True
0,1789567665.8435116,0.0006914138793945312,True
0,1789567665.8754845,0.0006449222564697266,True
0,1789567665.906439,0.0003619194030761719,True
0,1789567665.9382484,0.0003979206085205078,True
0,1789567665.9588604,0.0015101432800292969,True
0,1789567665.9900124,0.0006639957427978516,True
0,1789567666.0233638,0.000993967056274414,True
0,1789567666.0542376,0.0005095005035400391,True
0,1789567666.0889494,0.0005991458892822266,True
0,1789567666.121583,0.0015637874603271484,True
0,1789567666.155339,0.0012199878692626953,True
0,1789567666.187082,0.0005040168762207031,True
0,1789567666.2086792,0.0,True
0,1789567666.2380497,0.0011897087097167969,True
0,1789567666.2717865,0.0015971660614013672,True
0,1789567666.2986226,0.0007414817810058594,True
0,1789567666.3207076,0.0014350414276123047,True
0,1789567666.3543983,0.0009875297546386719,True
0,1789567666.3890584,0.0010945796966552734,True
0,1789567666.4216938,0.0005090236663818359,True
0,1789567666.4544687,0.0008718967437744141,True
0,1789567666.4776478,0.0,True
0,1789567666.5033524,0.0011222362518310547,True
0,1789567666.5376637,0.0014948844909667969,True
0,1789567666.5739658,0.0014929771423339844,True
0,1789567666.6056817,0.0,True
0,1789567666.639292,0.0010120868682861328,True
0,1789567666.6725328,0.0015234947204589844,True
0,1789567666.7063353,0.0009310245513916016,True
0,1789567666.7276714,0.0,True
0,1789567666.7555008,0.0012335777282714844,True
0,1789567666.7770386,0.00042366981506347656,True
0,1789567666.8035529,0.001268625259399414,True
0,1789567666.8379228,0.0010521411895751953,True
0,1789567666.872096,0.0007696151733398438,True
0,1789567666.9036288,0.0005567073822021484,True
0,1789567666.9381354,0.001163482666015625,True
0,1789567666.9721096,0.001337289810180664,True
0,1789567667.003983,0.0006213188171386719,True
0,1789567667.0381067,0.0008344650268554688,True
0,1789567667.0706189,0.001833200454711914,True
0,1789567667.108428,0.0006737709045410156,True
0,1789567667.1372602,0.0,True
0,1789567667.1720188,0.0006783008575439453,True
0,1789567667.2040854,0.0006654262542724609,True
0,1789567667.2378795,0.0003249645233154297,True
0,1789567667.2691891,0.0016100406646728516,True
0,1789567667.2922955,0.0011076927185058594,True
0,1789567667.319557,0.0012540817260742188,True
0,1789567667.353942,0.0007050037384033203,True
0,1789567667.3876772,0.0013396739959716797,True
0,1789567667.4192557,0.0006375312805175781,True
0,1789567667.44244,0.0011250972747802734,True
0,1789567667.4717836,0.0007398128509521484,True
0,1789567667.504004,0.0005946159362792969,True
0,1789567667.5377629,0.0005528926849365234,True
0,1789567667.5707083,0.0013134479522705078,True
0,1789567667.6075578,0.0003190040588378906,True
0,1789567667.6374576,0.0006372928619384766,True
0,1789567667.6597733,0.0006926059722900391,True
0,1789567667.6903567,0.0005726814270019531,True
0,1789567667.7209115,0.0005304813385009766,True
0,1789567667.721442,0.0007765293121337891,True
0,1789567667.7550514,0.001190185546875,True
0,1789567667.7776496,0.0,True
0,1789567667.8036866,0.0005249977111816406,True
0,1789567667.82451,0.0013010501861572266,True
0,1789567667.854452,0.0011832714080810547,True
0,1789567667.8880498,0.00035881996154785156,True
0,1789567667.9204392,0.0004401206970214844,True
0,1789567667.9532027,0.0005071163177490234,True
0,1789567667.9879107,0.0014379024505615234,True
0,1789567668.0225003,0.0,True
0,1789567668.0562742,0.0009958744049072266,True
0,1789567668.0897403,0.0005071163177490234,True
0,1789567668.1210504,0.001008749008178711,True
0,1789567668.1524584,0.0013005733489990234,True
0,1789567668.1877668,0.0005118846893310547,True
0,1789567668.224061,0.0011022090911865234,True
0,1789567668.2538834,0.0013685226440429688,True
0,1789567668.276471,0.0003390312194824219,True
0,1789567668.3033204,0.0015103816986083984,True
0,1789567668.3373952,0.0005888938903808594,True
0,1789567668.358408,0.001707315444946289,True
0,1789567668.3865678,0.002888917922973633,True
0,1789567668.4094954,0.0012683868408203125,True
0,1789567668.4381237,0.000988006591796875,True
0,1789567668.473259,0.0008373260498046875,True
0,1789567668.5038345,0.0011057853698730469,True
0,1789567668.5272517,0.0006723403930664062,True
0,1789567668.5523815,0.0016818046569824219,True
0,1789567668.5876772,0.0014231204986572266,True
0,1789567668.6242175,0.0007021427154541016,True
0,1789567668.6549609,0.0006766319274902344,True
0,1789567668.688519,0.0008509159088134766,True
0,1789567668.7220812,0.001129150390625,True
0,1789567668.7546337,0.0010907649993896484,True
0,1789567668.7759902,0.0,True
0,1789567668.8041935,0.0006709098815917969,True
0,1789567668.8373897,0.0005128383636474609,True
0,1789567668.8731673,0.00047707557678222656,True
0,1789567668.9043646,0.00043463706970214844,True
0,1789567668.936439,0.00095367431640625,True
0,1789567668.9702415,0.0007443428039550781,True
0,1789567669.0040677,0.0011467933654785156,True
0,1789567669.026995,0.0,True
0,1789567669.0570722,0.0005512237548828125,True
0,1789567669.07954,0.0,True
0,1789567669.1062262,0.0010063648223876953,True
0,1789567669.1370094,0.0010902881622314453,True
0,1789567669.169326,0.0012280941009521484,True
0,1789567669.1920195,0.0013914108276367188,True
0,1789567669.222075,0.0007026195526123047,True
0,1789567669.252293,0.0015540122985839844,True
0,1789567669.2538471,0.0008747577667236328,True
0,1789567669.28704,0.0009329319000244141,True
0,1789567669.3193026,0.0012664794921875,True
0,1789567669.3525558,0.0012202262878417969,True
0,1789567669.3865175,0.0013110637664794922,True
0,1789567669.4226193,0.0016825199127197266,True
0,1789567669.4545999,0.0005881786346435547,True
0,1789567669.4877274,0.0005233287811279297,True
0,1789567669.5192883,0.00119781494140625,True
0,1789567669.5537815,0.00036597251892089844,True
0,1789567669.587381,0.0005145072937011719,True
0,1789567669.6085181,0.0,True
0,1789567669.6395342,0.0011196136474609375,True
0,1789567669.6716776,0.001300811767578125,True
0,1789567669.7074497,0.001251220703125,True
0,1789567669.7391975,0.0017409324645996094,True
0,1789567669.7722154,0.0011496543884277344,True
0,1789567669.8035798,0.0008349418640136719,True
0,1789567669.836816,0.0006666183471679688,True
0,1789567669.8721166,0.0006396770477294922,True
0,1789567669.9029558,0.001050710678100586,True
0,1789567669.9364202,0.0003509521484375,True
0,1789567669.9678888,0.0004832744598388672,True
0,1789567669.989971,0.0005383491516113281,True
0,1789567670.0134497,0.0005059242248535156,True
0,1789567670.0376523,0.0005664825439453125,True
0,1789567670.0588975,0.0,True
0,1789567670.093635,0.0005853176116943359,True
0,1789567670.1189349,0.0015118122100830078,True
0,1789567670.1523316,0.0013687610626220703,True
0,1789567670.1832023,0.00075531005859375,True
0,1789567670.2083833,0.0,True
0,1789567670.2369025,0.001277923583984375,True
0,1789567670.2381804,0.0,True
0,1789567670.2723923,0.0007185935974121094,True
0,1789567670.302219,0.0014035701751708984,True
0,1789567670.3359122,0.0011126995086669922,True
0,1789567670.3676388,0.0005805492401123047,True
0,1789567670.4022512,0.0016095638275146484,True
0,1789567670.4244115,0.0005066394805908203,True
0,1789567670.42565,0.0005621910095214844,True
0,1789567670.4549952,0.000675201416015625,True
0,1789567670.4871671,0.0020089149475097656,True
0,1789567670.5191264,0.0015993118286132812,True
0,1789567670.5530565,0.0009467601776123047,True
0,1789567670.587455,0.0005393028259277344,True
0,1789567670.6233416,0.0009124279022216797,True
0,1789567670.657543,0.0,True
0,1789567670.686464,0.00079345703125,True
0,1789567670.7092838,0.0010004043579101562,True
0,1789567670.737453,0.0013544559478759766,True
0,1789567670.769972,0.0013995170593261719,True
0,1789567670.802381,0.0013718605041503906,True
0,1789567670.8248324,0.0007750988006591797,True
0,1789567670.853317,0.0010879039764404297,True
0,1789567670.8871562,0.0011358261108398438,True
0,1789567670.9202409,0.0006146430969238281,True
0,1789567670.9518957,0.0006072521209716797,True
0,1789567670.986847,0.00128173828125,True
0,1789567670.9881287,0.0014748573303222656,True
0,1789567671.0218716,0.0008537769317626953,True
0,1789567671.0551264,0.0007567405700683594,True
0,1789567671.0881793,0.0011246204376220703,True
0,1789567671.1214283,0.0013952255249023438,True
0,1789567671.1522536,0.0006284713745117188,True
0,1789567671.1868773,0.0,True
0,1789567671.2205753,0.0010175704956054688,True
0,1789567671.2221692,0.0,True
0,1789567671.2524033,0.0011489391326904297,True
0,1789567671.2535522,0.0006046295166015625,True
0,1789567671.2746727,0.0004756450653076172,True
0,1789567671.3022997,0.0012543201446533203,True
0,1789567671.3362844,0.0008711814880371094,True
0,1789567671.3696995,0.0011343955993652344,True
0,1789567671.402005,0.0017724037170410156,True
0,1789567671.424428,0.0006821155548095703,True
0,1789567671.42511,0.0,True
0,1789567671.4539623,0.001338958740234375,True
0,1789567671.4864643,0.00035762786865234375,True
0,1789567671.5192144,0.0004851818084716797,True
0,1789567671.5522742,0.0014629364013671875,True
0,1789567671.5866473,0.0012676715850830078,True
0,1789567671.6199968,0.001081228256225586,True
0,1789567671.6412725,0.0012733936309814453,True
0,1789567671.6704586,0.0005919933319091797,True
0,1789567671.7023475,0.0010275840759277344,True
0,1789567671.7362173,0.0008096694946289062,True
0,1789567671.7574062,0.0,True
0,1789567671.786617,0.0,True
0,1789567671.8197155,0.0010221004486083984,True
0,1789567671.854698,0.0014033317565917969,True
0,1789567671.8867767,0.0,True
0,1789567671.919071,0.0005290508270263672,True
0,1789567671.9534423,0.0005130767822265625,True
0,1789567671.9891794,0.0011756420135498047,True
0,1789567672.0204794,0.002128124237060547,True
0,1789567672.0532942,0.000812530517578125,True
0,1789567672.0881927,0.001013040542602539,True
0,1789567672.1198194,0.0,True
0,1789567672.1527674,0.0012509822845458984,True
0,1789567672.1748257,0.0007030963897705078,True
0,1789567672.203122,0.0011048316955566406,True
0,1789567672.2360868,0.002860546112060547,True
0,1789567672.2389474,0.0,True
0,1789567672.2697048,0.0,True
0,1789567672.302358,0.0016694068908691406,True
0,1789567672.3244143,0.0006372928619384766,True
0,1789567672.352909,0.000423431396484375,True
0,1789567672.385857,0.0008606910705566406,True
0,1789567672.408108,0.002252817153930664,True
0,1789567672.4198081,0.001070261001586914,True
0,1789567672.4532356,0.0008814334869384766,True
0,1789567672.485991,0.0008513927459716797,True
0,1789567672.5192664,0.0008745193481445312,True
0,1789567672.5524516,0.0,True
0,1789567672.5740101,0.0012013912200927734,True
0,1789567672.6033728,0.0011782646179199219,True
0,1789567672.6369824,0.0011959075927734375,True
0,1789567672.6703281,0.0014216899871826172,True
0,1789567672.7033882,0.0007283687591552734,True
0,1789567672.7360792,0.0014297962188720703,True
0,1789567672.737509,0.0005102157592773438,True
0,1789567672.759656,0.001020193099975586,True
0,1789567672.7870188,0.0,True
0,1789567672.8197713,0.0006442070007324219,True
0,1789567672.8531537,0.0010726451873779297,True
0,1789567672.8862987,0.0,True
0,1789567672.919289,0.0,True
0,1789567672.952568,0.0016198158264160156,True
0,1789567672.9863815,0.0,True
0,1789567673.0196915,0.0,True
0,1789567673.0521672,0.0,True
0,1789567673.073247,0.0009834766387939453,True
0,1789567673.1033654,0.0006995201110839844,True
0,1789567673.1362472,0.0,True
0,1789567673.169212,0.0010197162628173828,True
0,1789567673.191212,0.0,True
0,1789567673.2199447,0.0007028579711914062,True
0,1789567673.2523012,0.0,True
0,1789567673.2594042,0.0008220672607421875,True
0,1789567673.2858262,0.0013325214385986328,True
0,1789567673.3192616,0.00046944618225097656,True
0,1789567673.353331,0.0005156993865966797,True
0,1789567673.3851774,0.00090789794921875,True
0,1789567673.407694,0.0,True
0,1789567673.4361727,0.0007982254028320312,True
0,1789567673.4701867,0.0017781257629394531,True
0,1789567673.4719648,0.0011456012725830078,True
0,1789567673.5021915,0.0015025138854980469,True
0,1789567673.503694,0.0005323886871337891,True
0,1789567673.534778,0.0012049674987792969,True
0,1789567673.5694041,0.0012967586517333984,True
0,1789567673.6022525,0.0,True
0,1789567673.6367264,0.0003275871276855469,True
0,1789567673.6701376,0.0012667179107666016,True
0,1789567673.705781,0.0009975433349609375,True
0,1789567673.7067785,0.0005812644958496094,True
0,1789567673.7364428,0.0011663436889648438,True
0,1789567673.7376091,0.0005090236663818359,True
0,1789567673.7587538,0.000453948974609375,True
0,1789567673.78617,0.0,True
0,1789567673.8190908,0.00048041343688964844,True
0,1789567673.8408124,0.0,True
0,1789567673.8700967,0.0005116462707519531,True
0,1789567673.9023015,0.0018360614776611328,True
0,1789567673.9340925,0.0,True
0,1789567673.9555638,0.0,True
0,1789567673.9882243,0.0,True
0,1789567674.0205994,0.0009534358978271484,True
0,1789567674.0510433,0.0,True
0,1789567674.0861092,0.0011751651763916016,True
0,1789567674.119788,0.0010750293731689453,True
0,1789567674.1507254,0.001619577407836914,True
0,1789567674.1736786,0.0005106925964355469,True
0,1789567674.2031968,0.0010879039764404297,True
0,1789567674.2364078,0.0008087158203125,True
0,1789567674.2372165,0.001033782958984375,True
0,1789567674.2591395,0.0009844303131103516,True
0,1789567674.2853034,0.0011544227600097656,True
0,1789567674.3190203,0.0015249252319335938,True
0,1789567674.3511336,0.0019834041595458984,True
0,1789567674.3855634,0.0007228851318359375,True
0,1789567674.408135,0.0006589889526367188,True
0,1789567674.4364352,0.0010001659393310547,True
0,1789567674.4700153,0.0010879039764404297,True
0,1789567674.5010762,0.0006356239318847656,True
0,1789567674.5362816,0.0006971359252929688,True
0,1789567674.5689945,0.0006957054138183594,True
0,1789567674.6009305,0.0005819797515869141,True
0,1789567674.6360855,0.0007495880126953125,True
0,1789567674.669028,0.0007936954498291016,True
0,1789567674.702117,0.0,True
0,1789567674.735759,0.0015971660614013672,True
0,1789567674.7527976,0.0011241436004638672,True
0,1789567674.7857475,0.0,True
0,1789567674.818134,0.001178741455078125,True
0,1789567674.8521354,0.0008251667022705078,True
0,1789567674.873333,0.0010251998901367188,True
0,1789567674.9020712,0.00049591064453125,True
0,1789567674.9354002,0.0009002685546875,True
0,1789567674.9694288,0.0,True
0,1789567675.0040095,0.0006811618804931641,True
0,1789567675.0376463,0.0013184547424316406,True
0,1789567675.070466,0.0008072853088378906,True
0,1789567675.102543,0.001279592514038086,True
0,1789567675.13492,0.0012443065643310547,True
0,1789567675.1562407,0.0005159378051757812,True
0,1789567675.1861079,0.0010197162628173828,True
0,1789567675.22235,0.0004513263702392578,True
0,1789567675.2508917,0.0012402534484863281,True
0,1789567675.285118,0.0007760524749755859,True
0,1789567675.3182242,0.0013027191162109375,True
0,1789567675.351575,0.0012447834014892578,True
0,1789567675.3846724,0.0005819797515869141,True
0,1789567675.4055448,0.0005862712860107422,True
0,1789567675.4358814,0.0007808208465576172,True
0,1789567675.4580357,0.0,True
0,1789567675.4858992,0.0005128383636474609,True
0,1789567675.5181658,0.0006995201110839844,True
0,1789567675.5188653,0.0,True
0,1789567675.5508761,0.0018589496612548828,True
0,1789567675.574119,0.0012807846069335938,True
0,1789567675.6022973,0.0005576610565185547,True
0,1789567675.635692,0.0005578994750976562,True
0,1789567675.6570375,0.0,True
0,1789567675.6866012,0.0015408992767333984,True
0,1789567675.7223842,0.0006973743438720703,True
0,1789567675.750832,0.0016834735870361328,True
0,1789567675.7756808,0.0007300376892089844,True
0,1789567675.8008757,0.001085042953491211,True
0,1789567675.8352733,0.0007612705230712891,True
0,1789567675.857932,0.0,True
0,1789567675.8859015,0.0005123615264892578,True
0,1789567675.9181416,0.0003330707550048828,True
0,1789567675.9505572,0.0015947818756103516,True
0,1789567675.9831283,0.0007164478302001953,True
0,1789567676.0180516,0.0008862018585205078,True
0,1789567676.0189378,0.0,True
0,1789567676.0518954,0.0006165504455566406,True
0,1789567676.0883448,0.001026153564453125,True
0,1789567676.119442,0.0012354850769042969,True
0,1789567676.1508226,0.001165628433227539,True
0,1789567676.1724782,0.0004444122314453125,True
0,1789567676.202504,0.0007796287536621094,True
0,1789567676.2238505,0.0005095005035400391,True
0,1789567676.2507417,0.0016026496887207031,True
0,1789567676.284861,0.0016465187072753906,True
0,1789567676.3173962,0.0010540485382080078,True
0,1789567676.3509452,0.0012059211730957031,True
0,1789567676.3851085,0.0009605884552001953,True
0,1789567676.4066153,0.0006620883941650391,True
0,1789567676.433692,0.0,True
0,1789567676.4689047,0.0012035369873046875,True
0,1789567676.5016243,0.0008471012115478516,True
0,1789567676.533524,0.0005898475646972656,True
0,1789567676.534114,0.0,True
0,1789567676.5681632,0.0010693073272705078,True
0,1789567676.6011255,0.0009772777557373047,True
0,1789567676.6350198,0.0007355213165283203,True
0,1789567676.656812,0.0007379055023193359,True
0,1789567676.6855516,0.0007638931274414062,True
0,1789567676.718914,0.0008654594421386719,True
0,1789567676.7509196,0.0013585090637207031,True
0,1789567676.7731764,0.0011751651763916016,True
0,1789567676.8010151,0.0006566047668457031,True
0,1789567676.833275,0.0006692409515380859,True
0,1789567676.8562346,0.0006957054138183594,True
0,1789567676.8853788,0.0007908344268798828,True
0,1789567676.9174366,0.0013630390167236328,True
0,1789567676.950623,0.0005600452423095703,True
0,1789567676.982832,0.0006411075592041016,True
0,1789567677.0037725,0.0006730556488037109,True
0,1789567677.035735,0.0007734298706054688,True
0,1789567677.0686607,0.0005316734313964844,True
0,1789567677.1011746,0.001443624496459961,True
0,1789567677.1353664,0.0005133152008056641,True
0,1789567677.168026,0.0009207725524902344,True
0,1789567677.2010272,0.0009098052978515625,True
0,1789567677.2351892,0.0007326602935791016,True
0,1789567677.257222,0.0003712177276611328,True
0,1789567677.2834508,0.0007030963897705078,True
0,1789567677.2853425,0.0003669261932373047,True
0,1789567677.3188324,0.0005328655242919922,True
0,1789567677.3510592,0.0015883445739746094,True
0,1789567677.3848412,0.0009670257568359375,True
0,1789567677.406366,0.00066375732421875,True
0,1789567677.4338002,0.0006325244903564453,True
0,1789567677.4567761,0.0007381439208984375,True
0,1789567677.4835436,0.0008080005645751953,True
0,1789567677.5183468,0.0010330677032470703,True
0,1789567677.5193799,0.0015881061553955078,True
0,1789567677.55265,0.0010623931884765625,True
0,1789567677.585502,0.00102996826171875,True
0,1789567677.6194947,0.0011105537414550781,True
0,1789567677.6509643,0.0011644363403320312,True
0,1789567677.6858723,0.0011761188507080078,True
0,1789567677.7196622,0.0010154247283935547,True
0,1789567677.7520466,0.0012469291687011719,True
0,1789567677.7538385,0.0,True
0,1789567677.7860038,0.0,True
0,1789567677.8180792,0.0012786388397216797,True
0,1789567677.8506684,0.0006625652313232422,True
0,1789567677.8861675,0.0007846355438232422,True
0,1789567677.9198265,0.0011281967163085938,True
0,1789567677.95246,0.0007874965667724609,True
0,1789567677.9864104,0.0008132457733154297,True
0,1789567677.9882414,0.0,True
0,1789567678.018937,0.0007541179656982422,True
0,1789567678.041216,0.001463174819946289,True
0,1789567678.0701544,0.0005702972412109375,True
0,1789567678.1011128,0.0013320446014404297,True
0,1789567678.1350927,0.0012505054473876953,True
0,1789567678.1693075,0.0008244514465332031,True
0,1789567678.1901708,0.0006768703460693359,True
0,1789567678.1908476,0.0,True
0,1789567678.2185779,0.0005161762237548828,True
0,1789567678.2522008,0.0006544589996337891,True
0,1789567678.2528553,0.0010409355163574219,True
0,1789567678.2858748,0.0007250308990478516,True
0,1789567678.3185189,0.0005118846893310547,True
0,1789567678.3523018,0.0010900497436523438,True
0,1789567678.382972,0.0006339550018310547,True
0,1789567678.4058273,0.0,True
0,1789567678.4350708,0.0007045269012451172,True
0,1789567678.4572992,0.0,True
0,1789567678.4858675,0.0,True
0,1789567678.518075,0.0012485980987548828,True
0,1789567678.5193236,0.0010461807250976562,True
0,1789567678.5522547,0.0014219284057617188,True
0,1789567678.5858488,0.001226663589477539,True
0,1789567678.6189651,0.0005884170532226562,True
0,1789567678.651854,0.0013120174407958984,True
0,1789567678.6856947,0.0011944770812988281,True
0,1789567678.7105267,0.0,True
0,1789567678.734518,0.00128173828125,True
0,1789567678.7568505,0.0,True
0,1789567678.7849226,0.0,True
0,1789567678.8165317,0.0016717910766601562,True
0,1789567678.8509943,0.0013515949249267578,True
0,1789567678.8860934,0.0,True
0,1789567678.9175062,0.0009386539459228516,True
0,1789567678.9513226,0.0009288787841796875,True
0,1789567678.983773,0.001039266586303711,True
0,1789567679.0060518,0.0,True
0,1789567679.0361645,0.001009225845336914,True
0,1789567679.0678446,0.0009028911590576172,True
0,1789567679.090183,0.0,True
0,1789567679.1221561,0.0,True
0,1789567679.1513705,0.0,True
0,1789567679.185364,0.0011763572692871094,True
0,1789567679.2195735,0.0012369155883789062,True
0,1789567679.251174,0.002133607864379883,True
0,1789567679.2533076,0.0010411739349365234,True
0,1789567679.2833717,0.0012853145599365234,True
0,1789567679.284657,0.0,True
0,1789567679.318141,0.0010209083557128906,True
0,1789567679.3507283,0.0011301040649414062,True
0,1789567679.3833933,0.0014295578002929688,True
0,1789567679.4066308,0.0006170272827148438,True
0,1789567679.435445,0.0011506080627441406,True
0,1789567679.4686873,0.000659942626953125,True
0,1789567679.5020652,0.0007200241088867188,True
0,1789567679.5027852,0.0015687942504882812,True
0,1789567679.53527,0.0007503032684326172,True
0,1789567679.5679739,0.0006396770477294922,True
0,1789567679.6009939,0.0007615089416503906,True
0,1789567679.6352272,0.0006897449493408203,True
0,1789567679.668554,0.0010688304901123047,True
0,1789567679.7004278,0.0016548633575439453,True
0,1789567679.7229905,0.0011699199676513672,True
0,1789567679.7508488,0.0007529258728027344,True
0,1789567679.7844272,0.0,True
0,1789567679.8182907,0.0010135173797607422,True
0,1789567679.8506536,0.0010960102081298828,True
0,1789567679.8848789,0.008211612701416016,True
0,1789567679.9171271,0.0009694099426269531,True
0,1789567679.951021,0.0,True
0,1789567679.9853358,0.0008828639984130859,True
0,1789567680.0186348,0.00043892860412597656,True
0,1789567680.0528548,0.0010688304901123047,True
0,1789567680.0878072,0.0,True
0,1789567680.118082,0.001012563705444336,True
0,1789567680.150776,0.0,True
0,1789567680.1738765,0.0007345676422119141,True
0,1789567680.174611,0.0005080699920654297,True
0,1789567680.2008822,0.0012545585632324219,True
0,1789567680.2351022,0.0,True
0,1789567680.2585423,0.0,True
0,1789567680.284714,0.0007123947143554688,True
0,1789567680.3172884,0.0015723705291748047,True
0,1789567680.3508246,0.001382589340209961,True
0,1789567680.3851357,0.0,True
0,1789567680.417189,0.0011603832244873047,True
0,1789567680.4391282,0.0011932849884033203,True
0,1789567680.4540026,0.0010197162628173828,True
0,1789567680.4835443,0.0009005069732666016,True
0,1789567680.5164266,0.0,True
0,1789567680.550734,0.0013082027435302734,True
0,1789567680.5829883,0.0015354156494140625,True
0,1789567680.6185172,0.0006678104400634766,True
0,1789567680.6506596,0.0010538101196289062,True
0,1789567680.6732805,0.0009236335754394531,True
0,1789567680.7007947,0.0013480186462402344,True
0,1789567680.7347863,0.0011489391326904297,True
0,1789567680.7586136,0.0003371238708496094,True
0,1789567680.7844634,0.0,True
0,1789567680.8181014,0.0011069774627685547,True
0,1789567680.851065,0.0014259815216064453,True
0,1789567680.883733,0.0009922981262207031,True
0,1789567680.9167054,0.0,True
0,1789567680.9508154,0.0,True
0,1789567680.9818614,0.0011000633239746094,True
0,1789567681.0039048,0.0010848045349121094,True
0,1789567681.034265,0.0,True
0,1789567681.0689757,0.0,True
0,1789567681.103338,0.0015213489532470703,True
0,1789567681.1353018,0.0,True
0,1789567681.1681802,0.0011162757873535156,True
0,1789567681.2008038,0.001438140869140625,True
0,1789567681.232636,0.0014684200286865234,True
0,1789567681.2573571,0.0006318092346191406,True
0,1789567681.2846842,0.0,True
0,1789567681.3162847,0.002020597457885742,True
0,1789567681.3501914,0.0005128383636474609,True
0,1789567681.3835528,0.0012881755828857422,True
0,1789567681.4059937,0.0,True
0,1789567681.4343722,0.0006976127624511719,True
0,1789567681.4566936,0.0,True
0,1789567681.4850678,0.0,True
0,1789567681.5178032,0.0018606185913085938,True
0,1789567681.5196638,0.0010256767272949219,True
0,1789567681.550391,0.0007328987121582031,True
0,1789567681.5831187,0.0006856918334960938,True
0,1789567681.605576,0.0,True
0,1789567681.6333404,0.0,True
0,1789567681.6555362,0.0,True
0,1789567681.6831832,0.0008485317230224609,True
0,1789567681.7053506,0.0,True
0,1789567681.7331364,0.0009565353393554688,True
0,1789567681.7541387,0.0011146068572998047,True
0,1789567681.783815,0.0,True
0,1789567681.8163145,0.0010061264038085938,True
0,1789567681.8380651,0.0012066364288330078,True
0,1789567681.8673787,0.0,True
0,1789567681.899488,0.001168966293334961,True
0,1789567681.9320376,0.000621795654296875,True
0,1789567681.9662228,0.0005054473876953125,True
0,1789567682.0013614,0.0011663436889648438,True
0,1789567682.03335,0.0006437301635742188,True
0,1789567682.0339937,0.0013873577117919922,True
0,1789567682.069082,0.0006422996520996094,True
0,1789567682.1006105,0.0006093978881835938,True
0,1789567682.1335278,0.0,True
0,1789567682.166168,0.0007414817810058594,True
0,1789567682.187139,0.0,True
0,1789567682.217669,0.0007998943328857422,True
0,1789567682.2507217,0.0006265640258789062,True
0,1789567682.2833507,0.0007178783416748047,True
0,1789567682.2840686,0.0009069442749023438,True
0,1789567682.3167956,0.0006415843963623047,True
0,1789567682.348922,0.001069784164428711,True
0,1789567682.3829384,0.0013065338134765625,True
0,1789567682.4052856,0.0007162094116210938,True
0,1789567682.4343667,0.0009639263153076172,True
0,1789567682.4674544,0.0007753372192382812,True
0,1789567682.5002387,0.0008380413055419922,True
0,1789567682.5223165,0.0006022453308105469,True
0,1789567682.550353,0.0007810592651367188,True
0,1789567682.5725503,0.0005090236663818359,True
0,1789567682.6040015,0.0013134479522705078,True
0,1789567682.6333723,0.0010895729064941406,True
0,1789567682.670482,0.0007543563842773438,True
0,1789567682.703989,0.0012433528900146484,True
0,1789567682.7334716,0.0008330345153808594,True
0,1789567682.7556117,0.0,True
0,1789567682.7881236,0.0012438297271728516,True
0,1789567682.8175004,0.0010824203491210938,True
0,1789567682.8498378,0.0008432865142822266,True
0,1789567682.8831053,0.0006575584411621094,True
0,1789567682.9161928,0.0009887218475341797,True
0,1789567682.949497,0.0012054443359375,True
0,1789567682.9819255,0.0013113021850585938,True
0,1789567683.0180163,0.0012509822845458984,True
0,1789567683.0192673,0.0013096332550048828,True
0,1789567683.0508156,0.0,True
0,1789567683.083512,0.0007722377777099609,True
0,1789567683.1175368,0.0008411407470703125,True
0,1789567683.149574,0.0005342960357666016,True
0,1789567683.182966,0.0011310577392578125,True
0,1789567683.2057843,0.0006687641143798828,True
0,1789567683.206453,0.0,True
0,1789567683.2326925,0.001268148422241211,True
0,1789567683.2570643,0.0,True
0,1789567683.2835925,0.0007109642028808594,True
0,1789567683.2843034,0.0,True
0,1789567683.31715,0.0007445812225341797,True
0,1789567683.34826,0.0006124973297119141,True
0,1789567683.3820562,0.0015058517456054688,True
0,1789567683.4167929,0.0005071163177490234,True
0,1789567683.4503229,0.0005881786346435547,True
0,1789567683.4733655,0.0010128021240234375,True
0,1789567683.4999309,0.0011687278747558594,True
0,1789567683.531926,0.001649618148803711,True
0,1789567683.5665033,0.0015320777893066406,True
0,1789567683.6008425,0.0009479522705078125,True
0,1789567683.6339636,0.0011174678802490234,True
0,1789567683.6546738,0.0007684230804443359,True
0,1789567683.6821554,0.001161336898803711,True
0,1789567683.7055225,0.0006868839263916016,True
0,1789567683.7062094,0.0,True
0,1789567683.733823,0.0007266998291015625,True
0,1789567683.7557573,0.0006532669067382812,True
0,1789567683.788066,0.001230478286743164,True
0,1789567683.8162205,0.0013530254364013672,True
0,1789567683.8387587,0.0015113353729248047,True
0,1789567683.867158,0.0010180473327636719,True
0,1789567683.898502,0.0014274120330810547,True
0,1789567683.9319878,0.0013051033020019531,True
0,1789567683.965751,0.0013270378112792969,True
0,1789567684.0022604,0.0009081363677978516,True
0,1789567684.003779,0.0005903244018554688,True
0,1789567684.0332408,0.0005679130554199219,True
0,1789567684.0691278,0.0006520748138427734,True
0,1789567684.1008449,0.0,True
0,1789567684.1321523,0.0013818740844726562,True
0,1789567684.1658988,0.0005497932434082031,True
0,1789567684.1878512,0.0007586479187011719,True
0,1789567684.2166872,0.0016493797302246094,True
0,1789567684.2484963,0.0016584396362304688,True
0,1789567684.2832289,0.0008745193481445312,True
0,1789567684.2841034,0.0,True
0,1789567684.3158097,0.0015347003936767578,True
0,1789567684.348665,0.001291513442993164,True
0,1789567684.3821514,0.0013461112976074219,True
0,1789567684.4054987,0.0006601810455322266,True
0,1789567684.4335427,0.0011749267578125,True
0,1789567684.4668422,0.0009844303131103516,True
0,1789567684.488262,0.0010225772857666016,True
0,1789567684.515413,0.0006928443908691406,True
0,1789567684.5378733,0.0012159347534179688,True
0,1789567684.5657973,0.0010783672332763672,True
0,1789567684.6001546,0.0009036064147949219,True
0,1789567684.6330194,0.0007233619689941406,True
0,1789567684.6545887,0.0005135536193847656,True
0,1789567684.6833696,0.0012819766998291016,True
0,1789567684.7173998,0.0012707710266113281,True
0,1789567684.750222,0.0009655952453613281,True
0,1789567684.7722468,0.0007345676422119141,True
0,1789567684.8002186,0.0005123615264892578,True
0,1789567684.831984,0.0,True
0,1789567684.8667474,0.0010645389556884766,True
0,1789567684.8984256,0.0,True
0,1789567684.9378867,0.0,True
0,1789567684.9654045,0.0,True
0,1789567684.9863436,0.0,True
0,1789567685.0170903,0.0008649826049804688,True
0,1789567685.0497468,0.0011973381042480469,True
0,1789567685.071704,0.0006005764007568359,True
0,1789567685.1001897,0.0008029937744140625,True
0,1789567685.1314816,0.001514434814453125,True
0,1789567685.1653872,0.0014500617980957031,True
0,1789567685.1878104,0.0,True
0,1789567685.2166793,0.001008749008178711,True
0,1789567685.2482617,0.0011463165283203125,True
0,1789567685.2818208,0.001772165298461914,True
0,1789567685.316002,0.0,True
0,1789567685.3485384,0.0011801719665527344,True
0,1789567685.382997,0.0005540847778320312,True
0,1789567685.4053376,0.0,True
0,1789567685.4378095,0.0005109310150146484,True
0,1789567685.467446,0.0,True
0,1789567685.4984527,0.0011861324310302734,True
0,1789567685.5318127,0.0015208721160888672,True
0,1789567685.5655186,0.0015552043914794922,True
0,1789567685.5871108,0.001013040542602539,True
0,1789567685.6162217,0.0003528594970703125,True
0,1789567685.6498618,0.0011818408966064453,True
0,1789567685.683781,0.00101470947265625,True
0,1789567685.7167506,0.001215219497680664,True
0,1789567685.7380576,0.0,True
0,1789567685.7668028,0.0011987686157226562,True
0,1789567685.7986462,0.0006566047668457031,True
0,1789567685.8216343,0.0006270408630371094,True
0,1789567685.8522987,0.0005753040313720703,True
0,1789567685.8817782,0.0011670589447021484,True
0,1789567685.9156613,0.0010759830474853516,True
0,1789567685.948534,0.0011153221130371094,True
0,1789567685.9699895,0.0007991790771484375,True
0,1789567686.0000484,0.0007107257843017578,True
0,1789567686.0320115,0.0011072158813476562,True
0,1789567686.0535393,0.0004379749298095703,True
0,1789567686.0828753,0.0016908645629882812,True
0,1789567686.116536,0.0,True
0,1789567686.1482852,0.001451253890991211,True
0,1789567686.1815836,0.0014164447784423828,True
0,1789567686.2035272,0.0008497238159179688,True
0,1789567686.2320266,0.001234292984008789,True
0,1789567686.2653496,0.0015125274658203125,True
0,1789567686.298692,0.00122833251953125,True
0,1789567686.2999203,0.0010161399841308594,True
0,1789567686.3317988,0.0015726089477539062,True
0,1789567686.354527,0.0,True
0,1789567686.387985,0.001214742660522461,True
0,1789567686.416455,0.001004934310913086,True
0,1789567686.4376497,0.0005116462707519531,True
0,1789567686.4680467,0.0010159015655517578,True
0,1789567686.498748,0.0019292831420898438,True
0,1789567686.5318296,0.0018506050109863281,True
0,1789567686.5649185,0.001065969467163086,True
0,1789567686.5659845,0.0012884140014648438,True
0,1789567686.5881112,0.001161813735961914,True
0,1789567686.6167204,0.0010061264038085938,True
0,1789567686.6500194,0.0010085105895996094,True
0,1789567686.6824746,0.0005600452423095703,True
0,1789567686.7161877,0.0010075569152832031,True
0,1789567686.7387593,0.00051116943359375,True
0,1789567686.7671418,0.0,True
0,1789567686.7984774,0.001386404037475586,True
0,1789567686.7998638,0.0010178089141845703,True
0,1789567686.8341641,0.0010328292846679688,True
0,1789567686.8660424,0.0012500286102294922,True
0,1789567686.8983269,0.0010614395141601562,True
0,1789567686.9321628,0.0012927055358886719,True
4,1789567699.36126,0.002216815948486328,True
4,1789567699.3622787,0.0011980533599853516,True
4,1789567699.3923926,0.007134675979614258,True
4,1789567699.3995273,0.00466156005859375,True
4,1789567699.4298582,0.0035355091094970703,True
4,1789567699.462564,0.00063323974609375,True
4,1789567699.4959707,0.0006873607635498047,True
4,1789567699.5317445,0.0005784034729003906,True
4,1789567699.561966,0.0005064010620117188,True
4,1789567699.5880456,0.0007252693176269531,True
4,1789567699.6125245,0.0003197193145751953,True
4,1789567699.6462853,0.0,True
4,1789567699.6789713,0.0007276535034179688,True
4,1789567699.7127438,0.0006055831909179688,True
4,1789567699.7457902,0.0006504058837890625,True
4,1789567699.7818012,0.0005755424499511719,True
4,1789567699.8107514,0.0006062984466552734,True
4,1789567699.8461185,0.0005097389221191406,True
4,1789567699.8466282,0.0005254745483398438,True
4,1789567699.8815777,0.00041604042053222656,True
4,1789567699.9122076,0.0,True
4,1789567699.9435163,0.0006568431854248047,True
4,1789567699.979274,0.0003879070281982422,True
4,1789567700.012287,0.00032329559326171875,True
4,1789567700.0459547,0.0006902217864990234,True
4,1789567700.0794995,0.000759124755859375,True
4,1789567700.1122427,0.0005536079406738281,True
4,1789567700.1452818,0.0011456012725830078,True
4,1789567700.1790013,0.0007596015930175781,True
4,1789567700.2129571,0.000614166259765625,True
4,1789567700.2450414,0.0005757808685302734,True
4,1789567700.278981,0.0007243156433105469,True
4,1789567700.3123,0.0007216930389404297,True
4,1789567700.3435702,0.0006129741668701172,True
4,1789567700.3779259,0.0006504058837890625,True
4,1789567700.4123595,0.0006656646728515625,True
4,1789567700.4455714,0.0007410049438476562,True
4,1789567700.4788072,0.0007119178771972656,True
4,1789567700.5117002,0.0005035400390625,True
4,1789567700.5448422,0.0006036758422851562,True
4,1789567700.579427,0.0005502700805664062,True
4,1789567700.6108027,0.0006322860717773438,True
4,1789567700.6447313,0.0005669593811035156,True
4,1789567700.6797647,0.0006866455078125,True
4,1789567700.7121594,0.0007779598236083984,True
4,1789567700.745622,0.0006382465362548828,True
4,1789567700.7793984,0.0006711483001708984,True
4,1789567700.8107307,0.0007214546203613281,True
4,1789567700.8316069,0.0,True
4,1789567700.8629246,0.0,True
4,1789567700.8953624,0.0,True
4,1789567700.9276001,0.0,True
4,1789567700.9610023,0.0005078315734863281,True
4,1789567700.9944909,0.0,True
4,1789567701.0288615,0.0011110305786132812,True
4,1789567701.0605962,0.0,True
4,1789567701.0816865,0.0,True
4,1789567701.1120903,0.0006835460662841797,True
4,1789567701.143123,0.0006210803985595703,True
4,1789567701.143744,0.0,True
4,1789567701.1642473,0.0006613731384277344,True
4,1789567701.1954813,0.0006055831909179688,True
4,1789567701.2288034,0.0006792545318603516,True
4,1789567701.26016,0.0005631446838378906,True
4,1789567701.295149,0.0005860328674316406,True
4,1789567701.3278022,0.0009279251098632812,True
4,1789567701.3602324,0.0006856918334960938,True
4,1789567701.394719,0.0010383129119873047,True
4,1789567701.429625,0.0005788803100585938,True
4,1789567701.4619646,0.0007779598236083984,True
4,1789567701.4951975,0.0004296302795410156,True
4,1789567701.5286586,0.0007538795471191406,True
4,1789567701.5618815,0.0003116130828857422,True
4,1789567701.5774415,0.0,True
4,1789567701.5833035,0.0,True
4,1789567701.6039815,0.0,True
4,1789567701.6287076,0.0007615089416503906,True
4,1789567701.6607823,0.0005750656127929688,True
4,1789567701.6957097,0.000518798828125,True
4,1789567701.7291815,0.000911712646484375,True
4,1789567701.7607715,0.0005555152893066406,True
4,1789567701.794726,0.0004284381866455078,True
4,1789567701.8298955,0.0005948543548583984,True
4,1789567701.8619497,0.0007004737854003906,True
4,1789567701.8626502,0.0006172657012939453,True
4,1789567701.8951924,0.0007321834564208984,True
4,1789567701.9275982,0.0005924701690673828,True
4,1789567701.9606884,0.0004971027374267578,True
4,1789567701.9952407,0.00037980079650878906,True
4,1789567702.029259,0.0006334781646728516,True
4,1789567702.0625267,0.0012555122375488281,True
4,1789567702.09587,0.0005145072937011719,True
4,1789567702.1191278,0.0005717277526855469,True
4,1789567702.1445172,0.0010292530059814453,True
4,1789567702.1796513,0.0006780624389648438,True
4,1789567702.2110636,0.0,True
4,1789567702.2445095,0.0005471706390380859,True
4,1789567702.2654898,0.0,True
4,1789567702.29436,0.0009102821350097656,True
4,1789567702.327776,0.0006213188171386719,True
4,1789567702.3617194,0.0007898807525634766,True
4,1789567702.37693,0.0006096363067626953,True
4,1789567702.3983452,0.000576019287109375,True
4,1789567702.428499,0.0006291866302490234,True
4,1789567702.461926,0.0005059242248535156,True
4,1789567702.4824758,0.000507354736328125,True
4,1789567702.51174,0.0007987022399902344,True
4,1789567702.5430796,0.0005426406860351562,True
4,1789567702.5782363,0.0005810260772705078,True
4,1789567702.6001406,0.0003361701965332031,True
4,1789567702.6234672,0.0010051727294921875,True
4,1789567702.6465476,0.0005679130554199219,True
4,1789567702.6786797,0.0005860328674316406,True
4,1789567702.7038147,0.0,True
4,1789567702.7282593,0.0006837844848632812,True
4,1789567702.7620735,0.0005042552947998047,True
4,1789567702.7942784,0.0005598068237304688,True
4,1789567702.8283176,0.0,True
4,1789567702.86161,0.0007548332214355469,True
4,1789567702.8623648,0.0005812644958496094,True
4,1789567702.8949254,0.0005784034729003906,True
4,1789567702.9272027,0.001046895980834961,True
4,1789567702.9601877,0.0006322860717773438,True
4,1789567702.9948766,0.0005404949188232422,True
4,1789567703.0286853,0.0006029605865478516,True
4,1789567703.0616434,0.0007340908050537109,True
4,1789567703.0948672,0.0007700920104980469,True
4,1789567703.127368,0.0010137557983398438,True
4,1789567703.1283817,0.0,True
4,1789567703.160682,0.00066375732421875,True
4,1789567703.1936984,0.0005910396575927734,True
4,1789567703.2142906,0.0,True
4,1789567703.2440596,0.0007181167602539062,True
4,1789567703.2650154,0.0,True
4,1789567703.2933836,0.0,True
4,1789567703.3273482,0.0006773471832275391,True
4,1789567703.3609276,0.0005729198455810547,True
4,1789567703.3933618,0.0005583763122558594,True
4,1789567703.4148216,0.0,True
4,1789567703.4434648,0.0006747245788574219,True
4,1789567703.4644492,0.0,True
4,1789567703.4932616,0.0006582736968994141,True
4,1789567703.5283883,0.0012049674987792969,True
4,1789567703.5602288,0.0006375312805175781,True
4,1789567703.5811229,0.0006334781646728516,True
4,1789567703.6117148,0.0005068778991699219,True
4,1789567703.6122217,0.0006761550903320312,True
4,1789567703.6447535,0.0005939006805419922,True
4,1789567703.678243,0.0003199577331542969,True
4,1789567703.710738,0.0005593299865722656,True
4,1789567703.7433038,0.0005595684051513672,True
4,1789567703.7644565,0.0003452301025390625,True
4,1789567703.7941096,0.0009725093841552734,True
4,1789567703.8140154,0.0052793025970458984,True
4,1789567703.8192947,0.0,True
4,1789567703.8432798,0.0,True
4,1789567703.8484366,0.0,True
4,1789567703.8781233,0.0007393360137939453,True
4,1789567703.9100468,0.0005855560302734375,True
4,1789567703.9424322,0.0012197494506835938,True
4,1789567703.9782264,0.0005855560302734375,True
4,1789567704.0107605,0.0007517337799072266,True
4,1789567704.0450737,0.0007309913635253906,True
4,1789567704.0791528,0.001199483871459961,True
4,1789567704.1114082,0.0012862682342529297,True
4,1789567704.1126945,0.0005855560302734375,True
4,1789567704.1434224,0.0006012916564941406,True
4,1789567704.164663,0.000614166259765625,True
4,1789567704.1951723,0.0009410381317138672,True
4,1789567704.228399,0.0,True
4,1789567704.2600925,0.0005464553833007812,True
4,1789567704.2933247,0.0012807846069335938,True
4,1789567704.3253949,0.0006821155548095703,True
4,1789567704.3607311,0.00047850608825683594,True
4,1789567704.3932073,0.0005609989166259766,True
4,1789567704.3937683,0.0010645389556884766,True
4,1789567704.4282646,0.0005271434783935547,True
4,1789567704.4599938,0.0,True
4,1789567704.4935157,0.0005621910095214844,True
4,1789567704.529404,0.0,True
4,1789567704.5600903,0.0011088848114013672,True
4,1789567704.595663,0.0009980201721191406,True
4,1789567704.596661,0.0,True
4,1789567704.628596,0.0005738735198974609,True
4,1789567704.6611753,0.0008046627044677734,True
4,1789567704.6948035,0.0005066394805908203,True
4,1789567704.727881,0.0006606578826904297,True
4,1789567704.760484,0.00030112266540527344,True
4,1789567704.7934837,0.000583648681640625,True
4,1789567704.8278954,0.0007951259613037109,True
4,1789567704.8612897,0.0006034374237060547,True
4,1789567704.8935692,0.001468658447265625,True
4,1789567704.9255912,0.000614166259765625,True
4,1789567704.9602711,0.0007388591766357422,True
4,1789567704.992476,0.0005586147308349609,True
4,1789567705.0284078,0.0005602836608886719,True
4,1789567705.0625658,0.0008018016815185547,True
4,1789567705.0932565,0.0,True
4,1789567705.1268508,0.0009369850158691406,True
4,1789567705.128167,0.0,True
4,1789567705.1601543,0.0009777545928955078,True
4,1789567705.1930747,0.0005068778991699219,True
4,1789567705.227666,0.0,True
4,1789567705.260312,0.0007007122039794922,True
4,1789567705.2932005,0.0005946159362792969,True
4,1789567705.3269799,0.0005636215209960938,True
4,1789567705.3602064,0.0010900497436523438,True
4,1789567705.3925312,0.0005910396575927734,True
4,1789567705.4274793,0.0007622241973876953,True
4,1789567705.4613092,0.001173257827758789,True
4,1789567705.4931798,0.0006265640258789062,True
4,1789567705.5276845,0.0,True
4,1789567705.5607846,0.0006597042083740234,True
4,1789567705.59305,0.0006315708160400391,True
4,1789567705.6241026,0.0005779266357421875,True
4,1789567705.6598544,0.0007867813110351562,True
4,1789567705.6931725,0.0010342597961425781,True
4,1789567705.7276201,0.0007374286651611328,True
4,1789567705.760149,0.0005824565887451172,True
4,1789567705.793431,0.0006303787231445312,True
4,1789567705.827688,0.0007703304290771484,True
4,1789567705.8601077,0.0011339187622070312,True
4,1789567705.8934727,0.00106048583984375,True
4,1789567705.9261396,0.0006692409515380859,True
4,1789567705.960245,0.0005817413330078125,True
4,1789567705.9934855,0.0007097721099853516,True
4,1789567706.0295646,0.0006656646728515625,True
4,1789567706.0598166,0.0011878013610839844,True
4,1789567706.093429,0.001298666000366211,True
4,1789567706.1266382,0.0006735324859619141,True
4,1789567706.160092,0.0010230541229248047,True
4,1789567706.1935477,0.00045561790466308594,True
4,1789567706.2275298,0.0,True
4,1789567706.260139,0.0006954669952392578,True
4,1789567706.2933369,0.0007696151733398438,True
4,1789567706.326663,0.0006189346313476562,True
4,1789567706.3602102,0.0004420280456542969,True
4,1789567706.3931653,0.0015769004821777344,True
4,1789567706.3947423,0.0,True
4,1789567706.4279761,0.0006592273712158203,True
4,1789567706.4605777,0.00045490264892578125,True
4,1789567706.4720428,0.0021314620971679688,True
4,1789567706.5099218,0.0005764961242675781,True
4,1789567706.542523,0.0006775856018066406,True
4,1789567706.57526,0.0005939006805419922,True
4,1789567706.610129,0.0005216598510742188,True
4,1789567706.6436348,0.0005679130554199219,True
4,1789567706.6754284,0.0006864070892333984,True
4,1789567706.7101586,0.0004868507385253906,True
4,1789567706.7434313,0.0006327629089355469,True
4,1789567706.764124,0.0005452632904052734,True
4,1789567706.7943218,0.0005075931549072266,True
4,1789567706.8253756,0.000621795654296875,True
4,1789567706.8599331,0.0006046295166015625,True
4,1789567706.8940046,0.0006935596466064453,True
4,1789567706.926339,0.0011129379272460938,True
4,1789567706.9601934,0.0007121562957763672,True
4,1789567706.9937909,0.0006644725799560547,True
4,1789567707.02732,0.0006060600280761719,True
4,1789567707.060024,0.0005450248718261719,True
4,1789567707.0925083,0.0006284713745117188,True
4,1789567707.1263452,0.0010182857513427734,True
4,1789567707.1605148,0.0006549358367919922,True
4,1789567707.1938493,0.0008051395416259766,True
4,1789567707.2273123,0.0006604194641113281,True
4,1789567707.260034,0.0006048679351806641,True
4,1789567707.292625,0.0005974769592285156,True
4,1789567707.3240461,0.0005812644958496094,True
4,1789567707.3599255,0.0006239414215087891,True
4,1789567707.3923845,0.0006644725799560547,True
4,1789567707.427067,0.0008065700531005859,True
4,1789567707.4599566,0.0009927749633789062,True
4,1789567707.4928138,0.0010170936584472656,True
4,1789567707.5252934,0.0008573532104492188,True
4,1789567707.5589588,0.0006110668182373047,True
4,1789567707.592596,0.0005736351013183594,True
4,1789567707.6142592,0.0003733634948730469,True
4,1789567707.6459506,0.0005102157592773438,True
4,1789567707.6764812,0.0005054473876953125,True
4,1789567707.7101736,0.0007176399230957031,True
4,1789567707.742471,0.0005812644958496094,True
4,1789567707.7640471,0.0,True
4,1789567707.7928395,0.001169443130493164,True
4,1789567707.827258,0.0006699562072753906,True
4,1789567707.8601432,0.00078582763671875,True
4,1789567707.8924956,0.0006587505340576172,True
4,1789567707.9252787,0.0005757808685302734,True
4,1789567707.9597933,0.0010218620300292969,True
4,1789567707.9936306,0.0006537437438964844,True
4,1789567708.0270875,0.0005764961242675781,True
4,1789567708.0623224,0.0003848075866699219,True
4,1789567708.0932212,0.0004322528839111328,True
4,1789567708.1259391,0.0005691051483154297,True
4,1789567708.1599603,0.00048661231994628906,True
4,1789567708.193578,0.0007855892181396484,True
4,1789567708.227211,0.0007317066192626953,True
4,1789567708.2601385,0.0010762214660644531,True
4,1789567708.2925766,0.0006310939788818359,True
4,1789567708.3266354,0.0009875297546386719,True
4,1789567708.360612,0.0,True
4,1789567708.3926566,0.00113677978515625,True
4,1789567708.3937933,0.0,True
4,1789567708.4260237,0.0011382102966308594,True
4,1789567708.4605849,0.0006718635559082031,True
4,1789567708.4927015,0.0013263225555419922,True
4,1789567708.5272207,0.0005099773406982422,True
4,1789567708.5593085,0.0008370876312255859,True
4,1789567708.5935922,0.0,True
4,1789567708.6274993,0.0012106895446777344,True
4,1789567708.62871,0.0005078315734863281,True
4,1789567708.6604228,0.0005164146423339844,True
4,1789567708.6926324,0.0011317729949951172,True
4,1789567708.724964,0.0005877017974853516,True
4,1789567708.7599816,0.00045800209045410156,True
4,1789567708.7923143,0.0005869865417480469,True
4,1789567708.820537,0.001565694808959961,True
4,1789567708.8623416,0.0006699562072753906,True
4,1789567708.8926497,0.0006353855133056641,True
4,1789567708.9243622,0.0005939006805419922,True
4,1789567708.924956,0.0010223388671875,True
4,1789567708.9593596,0.0008363723754882812,True
4,1789567708.993328,0.0010695457458496094,True
4,1789567709.027905,0.0006797313690185547,True
4,1789567709.06214,0.0005753040313720703,True
4,1789567709.0925565,0.0006220340728759766,True
4,1789567709.1262195,0.0005738735198974609,True
4,1789567709.1591592,0.0008494853973388672,True
4,1789567709.18045,0.0007069110870361328,True
4,1789567709.21044,0.0,True
4,1789567709.242327,0.0005741119384765625,True
4,1789567709.2745132,0.0006039142608642578,True
4,1789567709.309008,0.001104116439819336,True
4,1789567709.3426902,0.0009713172912597656,True
4,1789567709.3752441,0.0006668567657470703,True
4,1789567709.4100077,0.0007517337799072266,True
4,1789567709.4425344,0.001049041748046875,True
4,1789567709.4786227,0.0005054473876953125,True
4,1789567709.5092893,0.0005137920379638672,True
4,1789567709.5426192,0.0009806156158447266,True
4,1789567709.5751343,0.0006754398345947266,True
4,1789567709.5963078,0.000537872314453125,True
4,1789567709.5968456,0.0,True
4,1789567709.6271677,0.0,True
4,1789567709.6602728,0.0006337165832519531,True
4,1789567709.6944413,0.0005497932434082031,True
4,1789567709.7270153,0.0007932186126708984,True
4,1789567709.7625206,0.0006117820739746094,True
4,1789567709.7965796,0.0005650520324707031,True
4,1789567709.8269963,0.001092672348022461,True
4,1789567709.8605943,0.0,True
4,1789567709.8961124,0.0,True
4,1789567709.9251513,0.0,True
4,1789567709.9586177,0.0012066364288330078,True
4,1789567709.9936004,0.0006363391876220703,True
4,1789567710.0264618,0.0006873607635498047,True
4,1789567710.0601645,0.0005636215209960938,True
4,1789567710.0952191,0.0007851123809814453,True
4,1789567710.1250556,0.0011451244354248047,True
4,1789567710.1589231,0.0007691383361816406,True
4,1789567710.1596923,0.0007419586181640625,True
4,1789567710.1947162,0.0006422996520996094,True
4,1789567710.2251225,0.0006427764892578125,True
4,1789567710.2599478,0.0008120536804199219,True
4,1789567710.2932956,0.00038743019104003906,True
4,1789567710.3244264,0.0007443428039550781,True
4,1789567710.358308,0.0006632804870605469,True
4,1789567710.3927667,0.00037741661071777344,True
4,1789567710.4254713,0.0010330677032470703,True
4,1789567710.4600768,0.0005178451538085938,True
4,1789567710.4935484,0.0006847381591796875,True
4,1789567710.5253294,0.0006232261657714844,True
4,1789567710.5583577,0.0006563663482666016,True
4,1789567710.5940511,0.000560760498046875,True
4,1789567710.6251342,0.0006186962127685547,True
4,1789567710.6459105,0.0006639957427978516,True
4,1789567710.6751754,0.0006604194641113281,True
4,1789567710.7094574,0.0012993812561035156,True
4,1789567710.7432387,0.0,True
4,1789567710.7761083,0.0007436275482177734,True
4,1789567710.80884,0.0009746551513671875,True
4,1789567710.8430836,0.0005900859832763672,True
4,1789567710.876233,0.0006842613220214844,True
4,1789567710.9086628,0.0013549327850341797,True
4,1789567710.9100177,0.0005915164947509766,True
4,1789567710.9417737,0.0,True
4,1789567710.9740508,0.0012364387512207031,True
4,1789567711.0102546,0.0006701946258544922,True
4,1789567711.0429428,0.0007646083831787109,True
4,1789567711.0772517,0.0006825923919677734,True
4,1789567711.1094925,0.0007061958312988281,True
4,1789567711.142022,0.0005059242248535156,True
4,1789567711.1625347,0.0006067752838134766,True
4,1789567711.1923711,0.0011763572692871094,True
4,1789567711.2261636,0.0006849765777587891,True
4,1789567711.2581854,0.000640869140625,True
4,1789567711.2929845,0.0004982948303222656,True
4,1789567711.3019438,0.0,True
4,1789567711.317894,0.0,True
4,1789567711.341866,0.0008347034454345703,True
4,1789567711.374549,0.0005781650543212891,True
4,1789567711.3956542,0.0007028579711914062,True
4,1789567711.4264677,0.0005769729614257812,True
4,1789567711.459842,0.0008492469787597656,True
4,1789567711.4916852,0.0010097026824951172,True
4,1789567711.526054,0.0007312297821044922,True
4,1789567711.5584936,0.0006468296051025391,True
4,1789567711.5942378,0.0005888938903808594,True
4,1789567711.6259048,0.0,True
4,1789567711.65984,0.0005164146423339844,True
4,1789567711.693081,0.0,True
4,1789567711.7246203,0.0006697177886962891,True
4,1789567711.739953,0.0,True
4,1789567711.7752507,0.0006110668182373047,True
4,1789567711.8086045,0.0008006095886230469,True
4,1789567711.8431785,0.0005121231079101562,True
4,1789567711.8753302,0.0006072521209716797,True
4,1789567711.9085643,0.0006814002990722656,True
4,1789567711.9092457,0.0,True
4,1789567711.9417899,0.0007381439208984375,True
4,1789567711.9741285,0.0,True
4,1789567711.9943163,0.0,True
4,1789567712.0248764,0.0,True
4,1789567712.0591648,0.0,True
4,1789567712.093368,0.001012563705444336,True
4,1789567712.1249073,0.0,True
4,1789567712.1586044,0.000621795654296875,True
4,1789567712.1592262,0.0,True
4,1789567712.1934137,0.0,True
4,1789567712.2258112,0.0,True
4,1789567712.2581053,0.0010139942169189453,True
4,1789567712.2915695,0.0,True
4,1789567712.3247705,0.0005769729614257812,True
4,1789567712.3584714,0.00069427490234375,True
4,1789567712.3919997,0.0007450580596923828,True
4,1789567712.425821,0.0007662773132324219,True
4,1789567712.4591942,0.001085519790649414,True
4,1789567712.4910195,0.0006616115570068359,True
4,1789567712.5258248,0.0006682872772216797,True
4,1789567712.5577245,0.0006921291351318359,True
4,1789567712.593438,0.0005087852478027344,True
4,1789567712.6250482,0.0006103515625,True
4,1789567712.659669,0.0010898113250732422,True
4,1789567712.6936245,0.0007138252258300781,True
4,1789567712.725764,0.0008013248443603516,True
4,1789567712.7590172,0.0009918212890625,True
4,1789567712.7932155,0.0006363391876220703,True
4,1789567712.8251586,0.0004813671112060547,True
4,1789567712.846396,0.0,True
4,1789567712.8767166,0.0,True
4,1789567712.9079728,0.0011823177337646484,True
4,1789567712.9091551,0.0,True
4,1789567712.9416566,0.0,True
4,1789567712.9751394,0.0005750656127929688,True
4,1789567713.009488,0.0005078315734863281,True
4,1789567713.0427678,0.000522613525390625,True
4,1789567713.0776231,0.0005996227264404297,True
4,1789567713.1093283,0.0,True
4,1789567713.141821,0.000507354736328125,True
4,1789567713.1751795,0.0017726421356201172,True
4,1789567713.2094214,0.0010118484497070312,True
4,1789567713.2414775,0.0007021427154541016,True
4,1789567713.2755635,0.0007431507110595703,True
4,1789567713.3087027,0.0004410743713378906,True
4,1789567713.3402195,0.000583648681640625,True
4,1789567713.3660316,0.0007047653198242188,True
4,1789567713.3935473,0.0026137828826904297,True
4,1789567713.4262238,0.0005116462707519531,True
4,1789567713.4588833,0.0,True
4,1789567713.4917762,0.00047588348388671875,True
4,1789567713.526047,0.0005137920379638672,True
4,1789567713.5582464,0.0009503364562988281,True
4,1789567713.5898962,0.0,True
4,1789567713.6099505,0.0,True
4,1789567713.6433506,0.0005500316619873047,True
4,1789567713.6747165,0.0014586448669433594,True
4,1789567713.7098708,0.0,True
4,1789567713.736531,0.0006406307220458984,True
4,1789567713.7371716,0.0010080337524414062,True
4,1789567713.7659981,0.0007295608520507812,True
4,1789567713.7941766,0.0007016658782958984,True
4,1789567713.8131394,0.0,True
4,1789567713.842173,0.0008041858673095703,True
4,1789567713.8743505,0.0011069774627685547,True
4,1789567713.9081964,0.0005815029144287109,True
4,1789567713.9422748,0.0012962818145751953,True
4,1789567713.976634,0.0005686283111572266,True
4,1789567714.008833,0.0005590915679931641,True
4,1789567714.0315135,0.0,True
4,1789567714.0598352,0.0005786418914794922,True
4,1789567714.0922332,0.0007901191711425781,True
4,1789567714.1242237,0.0015001296997070312,True
4,1789567714.1577244,0.0011849403381347656,True
4,1789567714.1919744,0.0006916522979736328,True
4,1789567714.2244635,0.0007641315460205078,True
4,1789567714.257932,0.0007002353668212891,True
4,1789567714.2911062,0.0009300708770751953,True
4,1789567714.3243718,0.0,True
4,1789567714.3581922,0.0010113716125488281,True
4,1789567714.3901768,0.0006799697875976562,True
4,1789567714.424429,0.0005872249603271484,True
4,1789567714.4253442,0.0,True
4,1789567714.4590275,0.0012793540954589844,True
4,1789567714.492502,0.0011858940124511719,True
4,1789567714.525345,0.001024484634399414,True
4,1789567714.5574896,0.0006489753723144531,True
4,1789567714.5903556,0.0006320476531982422,True
4,1789567714.6258883,0.0006082057952880859,True
4,1789567714.6586285,0.0007975101470947266,True
4,1789567714.659426,0.0007183551788330078,True
4,1789567714.6932254,0.0005905628204345703,True
4,1789567714.727121,0.0006473064422607422,True
4,1789567714.7585478,0.0006976127624511719,True
4,1789567714.7919908,0.0007746219635009766,True
4,1789567714.8272223,0.0,True
4,1789567714.8585517,0.0013194084167480469,True
4,1789567714.8921587,0.0007123947143554688,True
4,1789567714.9243038,0.0006060600280761719,True
4,1789567714.9249098,0.00048732757568359375,True
4,1789567714.9570127,0.0006103515625,True
4,1789567714.9918816,0.0004856586456298828,True
4,1789567715.0250163,0.0003905296325683594,True
4,1789567715.0587463,0.001178741455078125,True
4,1789567715.0925531,0.0006635189056396484,True
4,1789567715.1244407,0.000888824462890625,True
4,1789567715.1578093,0.0009520053863525391,True
4,1789567715.1918185,0.0009031295776367188,True
4,1789567715.225482,0.0007486343383789062,True
4,1789567715.257953,0.0006508827209472656,True
4,1789567715.2909815,0.0005803108215332031,True
4,1789567715.3241377,0.0006349086761474609,True
4,1789567715.357635,0.0009431838989257812,True
4,1789567715.389361,0.0007181167602539062,True
4,1789567715.4110508,0.0,True
4,1789567715.4431832,0.0018768310546875,True
4,1789567715.4743476,0.0008192062377929688,True
4,1789567715.5073037,0.0011181831359863281,True
4,1789567715.541064,0.0006349086761474609,True
4,1789567715.573848,0.0005717277526855469,True
4,1789567715.6083732,0.0017616748809814453,True
4,1789567715.6426136,0.0006406307220458984,True
4,1789567715.6741076,0.0009992122650146484,True
4,1789567715.6751068,0.0013003349304199219,True
4,1789567715.7086859,0.0013508796691894531,True
4,1789567715.7426186,0.0005500316619873047,True
4,1789567715.775049,0.0006339550018310547,True
4,1789567715.8085225,0.0015652179718017578,True
4,1789567715.8415515,0.0,True
4,1789567715.876161,0.0005996227264404297,True
4,1789567715.9076076,0.000530242919921875,True
4,1789567715.9403677,0.0005695819854736328,True
4,1789567715.9636228,0.004026889801025391,True
4,1789567715.9921472,0.0005652904510498047,True
4,1789567716.0243857,0.0006158351898193359,True
4,1789567716.0583253,0.0005831718444824219,True
4,1789567716.0928366,0.0006043910980224609,True
4,1789567716.122309,0.0,True
4,1789567716.1571317,0.0006821155548095703,True
4,1789567716.1791427,0.0005528926849365234,True
4,1789567716.208334,0.0007719993591308594,True
4,1789567716.239936,0.0005815029144287109,True
4,1789567716.2741613,0.0005393028259277344,True
4,1789567716.3074315,0.0006771087646484375,True
4,1789567716.3400311,0.0006103515625,True
4,1789567716.3741484,0.0005891323089599609,True
4,1789567716.408513,0.0,True
4,1789567716.4414477,0.0007550716400146484,True
4,1789567716.4747787,0.0006821155548095703,True
4,1789567716.5075254,0.0007352828979492188,True
4,1789567716.5401268,0.0006272792816162109,True
4,1789567716.551887,0.0,True
4,1789567716.574777,0.0006296634674072266,True
4,1789567716.609091,0.0005834102630615234,True
4,1789567716.6425996,0.0005738735198974609,True
4,1789567716.6741755,0.0005526542663574219,True
4,1789567716.6747282,0.0007872581481933594,True
4,1789567716.708082,0.0007383823394775391,True
4,1789567716.7434812,0.0007154941558837891,True
4,1789567716.7747097,0.0010411739349365234,True
4,1789567716.8081386,0.00067901611328125,True
4,1789567716.841368,0.001306295394897461,True
4,1789567716.8740788,0.0005693435668945312,True
4,1789567716.9087555,0.0011959075927734375,True
4,1789567716.9099514,0.0006859302520751953,True
4,1789567716.9402578,0.0005581378936767578,True
4,1789567716.9740887,0.0011146068572998047,True
4,1789567717.0079644,0.0006108283996582031,True
4,1789567717.0414484,0.0012302398681640625,True
4,1789567717.075208,0.000644683837890625,True
4,1789567717.1079693,0.0005474090576171875,True
4,1789567717.1403327,0.000946044921875,True
4,1789567717.1739435,0.0009331703186035156,True
4,1789567717.1915405,0.0005252361297607422,True
4,1789567717.2241104,0.0004582405090332031,True
4,1789567717.2571006,0.0010037422180175781,True
4,1789567717.2899678,0.0014142990112304688,True
4,1789567717.323745,0.0008692741394042969,True
4,1789567717.3570838,0.0010459423065185547,True
4,1789567717.3899484,0.0005936622619628906,True
4,1789567717.4240777,0.0011882781982421875,True
4,1789567717.425266,0.0010137557983398438,True
4,1789567717.457914,0.0007636547088623047,True
4,1789567717.4908934,0.00040912628173828125,True
4,1789567717.5242743,0.0010099411010742188,True
4,1789567717.5567846,0.0016582012176513672,True
4,1789567717.5926828,0.0006477832794189453,True
4,1789567717.59812,0.0,True
4,1789567717.6243956,0.0003161430358886719,True
4,1789567717.658159,0.0008218288421630859,True
4,1789567717.6589808,0.0010437965393066406,True
4,1789567717.6911678,0.0007781982421875,True
4,1789567717.7242088,0.0007989406585693359,True
4,1789567717.758808,0.0011444091796875,True
4,1789567717.7926028,0.0006799697875976562,True
4,1789567717.8238823,0.001127481460571289,True
4,1789567717.858166,0.0004711151123046875,True
4,1789567717.8913796,0.0013043880462646484,True
4,1789567717.9229946,0.0,True
4,1789567717.957116,0.0006308555603027344,True
4,1789567717.9911737,0.001402139663696289,True
4,1789567718.0248451,0.00042819976806640625,True
4,1789567718.0577414,0.0006368160247802734,True
4,1789567718.0928326,0.0006945133209228516,True
4,1789567718.124244,0.0006716251373291016,True
4,1789567718.157114,0.0005404949188232422,True
4,1789567718.1914217,0.0008978843688964844,True
4,1789567718.2241235,0.0004677772521972656,True
4,1789567718.2566254,0.0007269382476806641,True
4,1789567718.2900977,0.00063323974609375,True
4,1789567718.3236163,0.0008459091186523438,True
4,1789567718.3571954,0.0005674362182617188,True
4,1789567718.3905385,0.0006873607635498047,True
4,1789567718.4247348,0.0005238056182861328,True
4,1789567718.4247348,0.0005238056182861328,True
4,1789567718.457658,0.00069427490234375,True
4,1789567718.4901829,0.0008268356323242188,True
4,1789567718.5130157,0.0,True
4,1789567718.5411425,0.0006914138793945312,True
4,1789567718.575302,0.0012400150299072266,True
4,1789567718.6074731,0.0005474090576171875,True
4,1789567718.6424074,0.001146554946899414,True
4,1789567718.643554,0.0005726814270019531,True
4,1789567718.674223,0.0007405281066894531,True
4,1789567718.6749635,0.0006120204925537109,True
4,1789567718.7074473,0.0006062984466552734,True
4,1789567718.7426975,0.0009472370147705078,True
4,1789567718.7774436,0.0006067752838134766,True
4,1789567718.8079386,0.0005099773406982422,True
4,1789567718.8408592,0.0007562637329101562,True
4,1789567718.8744009,0.0,True
4,1789567718.8926542,0.0006852149963378906,True
4,1789567718.8933394,0.0,True
4,1789567718.9235656,0.000507354736328125,True
4,1789567718.9569483,0.0,True
4,1789567718.9892976,0.0006644725799560547,True
4,1789567719.0240922,0.0006308555603027344,True
4,1789567719.0575106,0.0006096363067626953,True
4,1789567719.0908577,0.0005941390991210938,True
4,1789567719.1132033,0.0,True
4,1789567719.1398351,0.0006191730499267578,True
4,1789567719.1740766,0.0007920265197753906,True
4,1789567719.1748686,0.0005176067352294922,True
4,1789567719.2080314,0.0008120536804199219,True
4,1789567719.2402208,0.000637054443359375,True
4,1789567719.26133,0.0,True
4,1789567719.2900603,0.0005750656127929688,True
4,1789567719.3236675,0.0005080699920654297,True
4,1789567719.3568382,0.0005388259887695312,True
4,1789567719.3879187,0.0011775493621826172,True
4,1789567719.4113653,0.0006656646728515625,True
4,1789567719.4410906,0.0008599758148193359,True
4,1789567719.4753268,0.0005958080291748047,True
4,1789567719.5060792,0.0005562305450439453,True
4,1789567719.5399756,0.0005791187286376953,True
4,1789567719.5741477,0.0,True
4,1789567719.6075327,0.0005819797515869141,True
4,1789567719.6415775,0.00057220458984375,True
4,1789567719.6749454,0.0005781650543212891,True
4,1789567719.7077017,0.0005993843078613281,True
4,1789567719.7422798,0.0006270408630371094,True
4,1789567719.776591,0.0005671977996826172,True
4,1789567719.8075397,0.0006346702575683594,True
4,1789567719.840782,0.0007593631744384766,True
4,1789567719.8741093,0.0007429122924804688,True
4,1789567719.906418,0.0005738735198974609,True
4,1789567719.9389486,0.0011000633239746094,True
4,1789567719.9740298,0.0012004375457763672,True
4,1789567720.0074081,0.0,True
4,1789567720.0416236,0.00037217140197753906,True
4,1789567720.0750008,0.0005052089691162109,True
4,1789567720.1074212,0.000743865966796875,True
4,1789567720.1392508,0.0006039142608642578,True
4,1789567720.1749017,0.00058746337890625,True
4,1789567720.2073882,0.0006036758422851562,True
4,1789567720.2391086,0.0007390975952148438,True
4,1789567720.2724617,0.0006923675537109375,True
4,1789567720.3072414,0.000698089599609375,True
4,1789567720.3390992,0.0006182193756103516,True
4,1789567720.3730018,0.0005674362182617188,True
4,1789567720.407454,0.0005092620849609375,True
4,1789567720.4405484,0.0007328987121582031,True
4,1789567720.4738328,0.0007042884826660156,True
4,1789567720.5060453,0.000982046127319336,True
4,1789567720.5396354,0.0008237361907958984,True
4,1789567720.573713,0.0013480186462402344,True
4,1789567720.6073892,0.0005936622619628906,True
4,1789567720.6415946,0.0005986690521240234,True
4,1789567720.6737738,0.0007846355438232422,True
4,1789567720.6745584,0.0005879402160644531,True
4,1789567720.707448,0.0007770061492919922,True
4,1789567720.7426207,0.0005631446838378906,True
4,1789567720.7765777,0.0005905628204345703,True
4,1789567720.8077571,0.0007169246673583984,True
4,1789567720.8409903,0.0008995532989501953,True
4,1789567720.8703368,0.0016319751739501953,True
4,1789567720.9061067,0.0005724430084228516,True
4,1789567720.9391263,0.0006844997406005859,True
4,1789567720.9719322,0.000568389892578125,True
4,1789567721.0069923,0.0016717910766601562,True
4,1789567721.0400677,0.0004620552062988281,True
4,1789567721.0609581,0.0,True
4,1789567721.0912998,0.0005545616149902344,True
4,1789567721.1239796,0.0006330013275146484,True
4,1789567721.155698,0.0007224082946777344,True
4,1789567721.1905656,0.0006325244903564453,True
4,1789567721.2242227,0.0006935596466064453,True
4,1789567721.2558203,0.0007026195526123047,True
4,1789567721.2893755,0.0010259151458740234,True
4,1789567721.3226016,0.0012547969818115234,True
4,1789567721.3465142,0.0,True
4,1789567721.3721914,0.0006747245788574219,True
4,1789567721.406845,0.0007648468017578125,True
4,1789567721.4404235,0.0005731582641601562,True
4,1789567721.4735413,0.0006816387176513672,True
4,1789567721.4961214,0.002026081085205078,True
4,1789567721.5235448,0.0006799697875976562,True
4,1789567721.5557866,0.0009350776672363281,True
4,1789567721.5912366,0.0006039142608642578,True
4,1789567721.6220388,0.0006177425384521484,True
4,1789567721.6567955,0.0,True
4,1789567721.6891391,0.0009846687316894531,True
4,1789567721.72359,0.0006818771362304688,True
4,1789567721.7567751,0.0010101795196533203,True
4,1789567721.7911656,0.0005953311920166016,True
4,1789567721.823435,0.0007398128509521484,True
4,1789567721.8570333,0.0005424022674560547,True
4,1789567721.8911731,0.00044536590576171875,True
4,1789567721.9230287,0.0007603168487548828,True
4,1789567721.9558394,0.0007982254028320312,True
4,1789567721.9899,0.0,True
4,1789567722.0239155,0.0,True
4,1789567722.0568924,0.001020193099975586,True
4,1789567722.0914042,0.0007929801940917969,True
4,1789567722.123428,0.0,True
4,1789567722.15416,0.0008635520935058594,True
4,1789567722.1892107,0.0007002353668212891,True
4,1789567722.223358,0.0,True
4,1789567722.255983,0.0008671283721923828,True
4,1789567722.28891,0.0011250972747802734,True
4,1789567722.3101714,0.0007348060607910156,True
4,1789567722.339255,0.0006511211395263672,True
4,1789567722.372733,0.0012211799621582031,True
4,1789567722.4040449,0.0008480548858642578,True
4,1789567722.42601,0.0,True
4,1789567722.4565997,0.0005257129669189453,True
4,1789567722.4891727,0.0007870197296142578,True
4,1789567722.521966,0.0,True
4,1789567722.555751,0.0007724761962890625,True
4,1789567722.5910509,0.0,True
4,1789567722.6242917,0.0,True
4,1789567722.6566398,0.0,True
4,1789567722.6897345,0.0008051395416259766,True
4,1789567722.6905396,0.0,True
4,1789567722.7231946,0.0008099079132080078,True
4,1789567722.7565186,0.0008232593536376953,True
4,1789567722.7792122,0.0,True
4,1789567722.8065205,0.0,True
4,1789567722.839292,0.0005517005920410156,True
4,1789567722.8732257,0.0,True
4,1789567722.905619,0.0009520053863525391,True
4,1789567722.9389834,0.0007581710815429688,True
4,1789567722.9731405,0.0,True
4,1789567723.0064466,0.001013040542602539,True
4,1789567723.0397155,0.0007655620574951172,True
4,1789567723.073202,0.0010111331939697266,True
4,1789567723.1064918,0.0,True
4,1789567723.1390572,0.0005810260772705078,True
4,1789567723.1722877,0.0012357234954833984,True
4,1789567723.2063718,0.0,True
4,1789567723.2391152,0.0006577968597412109,True
4,1789567723.260046,0.0006935596466064453,True
4,1789567723.2893982,0.0005614757537841797,True
4,1789567723.322301,0.0008757114410400391,True
4,1789567723.3557262,0.0007529258728027344,True
4,1789567723.3896587,0.0007023811340332031,True
4,1789567723.4234364,0.000507354736328125,True
4,1789567723.4569912,0.0,True
4,1789567723.4897652,0.00038814544677734375,True
4,1789567723.5220454,0.0,True
4,1789567723.555532,0.0008485317230224609,True
4,1789567723.5911252,0.0,True
4,1789567723.624013,0.0,True
4,1789567723.6568773,0.0009996891021728516,True
4,1789567723.6632915,0.0,True
4,1789567723.6899958,0.0,True
4,1789567723.722994,0.0,True
4,1789567723.757524,0.00099945068359375,True
4,1789567723.7794766,0.0,True
4,1789567723.8062592,0.0,True
4,1789567723.8382943,0.0011200904846191406,True
4,1789567723.8596454,0.0005080699920654297,True
4,1789567723.8896513,0.0007376670837402344,True
4,1789567723.9224687,0.0,True
4,1789567723.956256,0.0,True
4,1789567723.956256,0.0010151863098144531,True
4,1789567723.9880886,0.0012278556823730469,True
4,1789567724.0228798,0.0006749629974365234,True
4,1789567724.0464025,0.0,True
4,1789567724.0744443,0.0007195472717285156,True
4,1789567724.1065295,0.0006580352783203125,True
4,1789567724.138196,0.0011250972747802734,True
4,1789567724.1730723,0.0,True
4,1789567724.2064912,0.0008692741394042969,True
4,1789567724.2381077,0.0,True
4,1789567724.2591867,0.0,True
4,1789567724.2891378,0.00031113624572753906,True
4,1789567724.3222923,0.0010025501251220703,True
4,1789567724.354927,0.0006749629974365234,True
4,1789567724.3880947,0.0012829303741455078,True
4,1789567724.423231,0.0007431507110595703,True
4,1789567724.4557266,0.0005254745483398438,True
4,1789567724.456252,0.0011761188507080078,True
4,1789567724.4880745,0.0006144046783447266,True
4,1789567724.5221715,0.00063323974609375,True
4,1789567724.5556452,0.0004565715789794922,True
4,1789567724.58999,0.0006313323974609375,True
4,1789567724.6228201,0.0,True
4,1789567724.656237,0.0,True
4,1789567724.6881335,0.0011930465698242188,True
4,1789567724.723097,0.0008873939514160156,True
4,1789567724.757252,0.0,True
4,1789567724.7928598,0.005293607711791992,True
4,1789567724.8220325,0.0006263256072998047,True
4,1789567724.842811,0.0005712509155273438,True
4,1789567724.8728077,0.0,True
4,1789567724.9053657,0.0006957054138183594,True
4,1789567724.9386072,0.0008404254913330078,True
4,1789567724.9460924,0.0,True
4,1789567724.972227,0.0005125999450683594,True
4,1789567725.0061078,0.0007238388061523438,True
4,1789567725.0409224,0.0005693435668945312,True
4,1789567725.075261,0.000637054443359375,True
4,1789567725.106418,0.0005540847778320312,True
4,1789567725.137968,0.0006990432739257812,True
4,1789567725.1731088,0.0,True
4,1789567725.2063859,0.0005548000335693359,True
4,1789567725.2388709,0.0007822513580322266,True
4,1789567725.2600393,0.0006363391876220703,True
4,1789567725.2881267,0.0006430149078369141,True
4,1789567725.3208601,0.0007040500640869141,True
4,1789567725.353899,0.0005881786346435547,True
4,1789567725.3881614,0.0,True
4,1789567725.4086573,0.0,True
4,1789567725.4380524,0.0006017684936523438,True
4,1789567725.441806,0.0,True
4,1789567725.4728868,0.0005061626434326172,True
4,1789567725.505309,0.0008089542388916016,True
4,1789567725.5377934,0.001500844955444336,True
4,1789567725.5728905,0.0006756782531738281,True
4,1789567725.607063,0.0005450248718261719,True
4,1789567725.6391757,0.001688241958618164,True
4,1789567725.672753,0.0005879402160644531,True
4,1789567725.7058132,0.0003204345703125,True
4,1789567725.7382605,0.0005979537963867188,True
4,1789567725.771932,0.0004067420959472656,True
4,1789567725.8057094,0.0006716251373291016,True
4,1789567725.8381708,0.0009377002716064453,True
4,1789567725.8723614,0.000789642333984375,True
4,1789567725.905026,0.0009357929229736328,True
4,1789567725.9391372,0.0,True
4,1789567725.9603508,0.0005710124969482422,True
4,1789567725.9906065,0.0005800724029541016,True
4,1789567726.0225306,0.0006282329559326172,True
4,1789567726.0556612,0.0006091594696044922,True
4,1789567726.0906906,0.0,True
4,1789567726.1241233,0.0013089179992675781,True
4,1789567726.1539721,0.0,True
4,1789567726.1883454,0.00102996826171875,True
4,1789567726.2227156,0.0,True
4,1789567726.253675,0.0006046295166015625,True
4,1789567726.2883115,0.0007627010345458984,True
4,1789567726.321753,0.0005083084106445312,True
4,1789567726.3537679,0.0,True
4,1789567726.387926,0.0011599063873291016,True
4,1789567726.4222984,0.0,True
4,1789567726.4461834,0.0,True
4,1789567726.4724982,0.0,True
4,1789567726.5047545,0.0009047985076904297,True
4,1789567726.5388567,0.0,True
4,1789567726.5724597,0.0010950565338134766,True
4,1789567726.6055663,0.0011985301971435547,True
4,1789567726.6388476,0.0,True
4,1789567726.672575,0.0008218288421630859,True
4,1789567726.7062645,0.0,True
4,1789567726.7378688,0.0010383129119873047,True
4,1789567726.7732577,0.0,True
4,1789567726.805655,0.0,True
4,1789567726.8378017,0.0010859966278076172,True
4,1789567726.8590634,0.0010116100311279297,True
4,1789567726.8877795,0.0010459423065185547,True
4,1789567726.921818,0.00032401084899902344,True
4,1789567726.9537246,0.0,True
4,1789567726.9887235,0.0,True
4,1789567727.0232086,0.0007290840148925781,True
4,1789567727.0553882,0.0,True
4,1789567727.089177,0.0010116100311279297,True
4,1789567727.12249,0.0,True
4,1789567727.1535482,0.0,True
4,1789567727.1886542,0.0007264614105224609,True
4,1789567727.2243352,0.0,True
4,1789567727.2539585,0.0,True
4,1789567727.2882223,0.0005233287811279297,True
4,1789567727.3102221,0.0005135536193847656,True
4,1789567727.3378296,0.0008664131164550781,True
4,1789567727.370865,0.0,True
4,1789567727.4048176,0.000568389892578125,True
4,1789567727.4387326,0.0011639595031738281,True
4,1789567727.4720733,0.0,True
4,1789567727.5048442,0.0006222724914550781,True
4,1789567727.538898,0.0017681121826171875,True
4,1789567727.5731254,0.0,True
4,1789567727.606301,0.0,True
4,1789567727.6386418,0.0021376609802246094,True
4,1789567727.6746979,0.0005090236663818359,True
4,1789567727.6746979,0.0005090236663818359,True
4,1789567727.7057993,0.0,True
4,1789567727.7398727,0.0,True
4,1789567727.779178,0.0,True
4,1789567727.8051965,0.0,True
4,1789567727.8382583,0.0003275871276855469,True
4,1789567727.8740819,0.0007891654968261719,True
4,1789567727.9034872,0.0005764961242675781,True
4,1789567727.9374292,0.0005080699920654297,True
4,1789567727.9720652,0.0,True
4,1789567727.9942229,0.0010137557983398438,True
4,1789567728.0219378,0.0010082721710205078,True
4,1789567728.0575616,0.0,True
4,1789567728.0888758,0.0,True
4,1789567728.1247885,0.0,True
4,1789567728.1537123,0.0,True
4,1789567728.1879132,0.0005958080291748047,True
4,1789567728.2085803,0.0,True
4,1789567728.240007,0.0,True
4,1789567728.2703974,0.0,True
4,1789567728.3036945,0.0013031959533691406,True
4,1789567728.3381276,0.0007386207580566406,True
4,1789567728.3706863,0.0,True
4,1789567728.4040067,0.001214742660522461,True
4,1789567728.4386203,0.0005929470062255859,True
4,1789567728.473307,0.0010008811950683594,True
4,1789567728.4899194,0.0,True
4,1789567728.5207531,0.0,True
4,1789567728.5539792,0.0,True
4,1789567728.5904024,0.0,True
4,1789567728.6228008,0.0024116039276123047,True
4,1789567728.6553802,0.001001596450805664,True
4,1789567728.6885743,0.0013985633850097656,True
4,1789567728.7216992,0.0007886886596679688,True
4,1789567728.7563045,0.0009982585906982422,True
4,1789567728.7899878,0.0,True
4,1789567728.8206148,0.0008373260498046875,True
4,1789567728.8536694,0.0,True
4,1789567728.888642,0.0008273124694824219,True
4,1789567728.9207811,0.0007779598236083984,True
4,1789567728.9300585,0.0,True
4,1789567728.9536211,0.0,True
4,1789567728.9885936,0.0005085468292236328,True
4,1789567729.0220132,0.0005576610565185547,True
4,1789567729.054821,0.0005757808685302734,True
4,1789567729.089309,0.0006024837493896484,True
4,1789567729.1215765,0.0012631416320800781,True
4,1789567729.1538043,0.0006394386291503906,True
4,1789567729.1878011,0.0003075599670410156,True
4,1789567729.2215278,0.0007803440093994141,True
4,1789567729.2538574,0.000978231430053711,True
4,1789567729.2873766,0.0005061626434326172,True
4,1789567729.3204834,0.0006361007690429688,True
4,1789567729.3537586,0.0005736351013183594,True
8,1789567744.0196874,0.019279956817626953,True
8,1789567744.0400717,0.004898786544799805,True
8,1789567744.0694335,0.006055116653442383,True
8,1789567744.1011875,0.002622842788696289,True
8,1789567744.1330469,0.0030608177185058594,True
8,1789567744.1584933,0.0,True
8,1789567744.1845534,0.0,True
8,1789567744.217652,0.0003349781036376953,True
8,1789567744.2509544,0.0013158321380615234,True
8,1789567744.283051,0.0006108283996582031,True
8,1789567744.3164988,0.0006561279296875,True
8,1789567744.3507001,0.00032591819763183594,True
8,1789567744.3828013,0.0005631446838378906,True
8,1789567744.404368,0.0006330013275146484,True
8,1789567744.4334736,0.0009980201721191406,True
8,1789567744.4675608,0.0006754398345947266,True
8,1789567744.5002182,0.003605365753173828,True
8,1789567744.5038235,0.0,True
8,1789567744.5329876,0.0005788803100585938,True
8,1789567744.567867,0.0013461112976074219,True
8,1789567744.6015236,0.0006425380706787109,True
8,1789567744.6329343,0.0,True
8,1789567744.6686714,0.0005211830139160156,True
8,1789567744.7016215,0.0007464885711669922,True
8,1789567744.73339,0.0006654262542724609,True
8,1789567744.7683244,0.0006437301635742188,True
8,1789567744.8009357,0.0006103515625,True
8,1789567744.8329241,0.0010929107666015625,True
8,1789567744.8677394,0.0011739730834960938,True
8,1789567744.9006145,0.0004985332489013672,True
8,1789567744.932929,0.0005924701690673828,True
8,1789567744.9668565,0.00058746337890625,True
8,1789567744.9880404,0.000579833984375,True
8,1789567745.0176036,0.0006461143493652344,True
8,1789567745.0509388,0.001230478286743164,True
8,1789567745.0842094,0.0006957054138183594,True
8,1789567745.1175063,0.0006957054138183594,True
8,1789567745.1506135,0.0006439685821533203,True
8,1789567745.1844468,0.0005090236663818359,True
8,1789567745.217594,0.0003063678741455078,True
8,1789567745.2500412,0.0010182857513427734,True
8,1789567745.2828832,0.001224517822265625,True
8,1789567745.2841077,0.0,True
8,1789567745.3167987,0.0005044937133789062,True
8,1789567745.351112,0.0008656978607177734,True
8,1789567745.3828907,0.0005571842193603516,True
8,1789567745.4034739,0.0006659030914306641,True
8,1789567745.4332528,0.0011448860168457031,True
8,1789567745.4683146,0.0,True
8,1789567745.4998727,0.0013434886932373047,True
8,1789567745.5346699,0.0006127357482910156,True
8,1789567745.5666869,0.0005784034729003906,True
8,1789567745.602031,0.0005559921264648438,True
8,1789567745.635368,0.0006086826324462891,True
8,1789567745.6675415,0.0,True
8,1789567745.7010481,0.0006034374237060547,True
8,1789567745.732933,0.0005469322204589844,True
8,1789567745.7671173,0.0,True
8,1789567745.8005261,0.0007264614105224609,True
8,1789567745.8331192,0.0005581378936767578,True
8,1789567745.867348,0.0006928443908691406,True
8,1789567745.9001403,0.001058340072631836,True
8,1789567745.9334261,0.0005147457122802734,True
8,1789567745.9659579,0.0006859302520751953,True
8,1789567745.9879954,0.0010828971862792969,True
8,1789567746.0173924,0.0024635791778564453,True
8,1789567746.019856,0.0010232925415039062,True
8,1789567746.0525115,0.0005500316619873047,True
8,1789567746.0820756,0.0012001991271972656,True
8,1789567746.1175678,0.0005059242248535156,True
8,1789567746.1501336,0.0005075931549072266,True
8,1789567746.1841922,0.000514984130859375,True
8,1789567746.218527,0.0005896091461181641,True
8,1789567746.2496724,0.0006709098815917969,True
8,1789567746.2830377,0.0012412071228027344,True
8,1789567746.2994683,0.0007507801055908203,True
8,1789567746.300219,0.000751495361328125,True
8,1789567746.333839,0.0004417896270751953,True
8,1789567746.3662207,0.0007481575012207031,True
8,1789567746.39932,0.001180410385131836,True
8,1789567746.433606,0.0005342960357666016,True
8,1789567746.4672644,0.0014126300811767578,True
8,1789567746.4984858,0.0006849765777587891,True
8,1789567746.5194755,0.0,True
8,1789567746.5500832,0.0019299983978271484,True
8,1789567746.5830197,0.0006246566772460938,True
8,1789567746.617033,0.0005342960357666016,True
8,1789567746.6506438,0.0007958412170410156,True
8,1789567746.6830988,0.0009961128234863281,True
8,1789567746.7172236,0.0011968612670898438,True
8,1789567746.7525082,0.0,True
8,1789567746.7857819,0.0,True
8,1789567746.8176966,0.0,True
8,1789567746.850806,0.0008947849273681641,True
8,1789567746.8829134,0.0009770393371582031,True
8,1789567746.9168117,0.0008161067962646484,True
8,1789567746.9496717,0.0010101795196533203,True
8,1789567746.984551,0.000438690185546875,True
8,1789567747.0172744,0.0009777545928955078,True
8,1789567747.0508864,0.00081634521484375,True
8,1789567747.082574,0.0010471343994140625,True
8,1789567747.1171565,0.0,True
8,1789567747.148321,0.0,True
8,1789567747.1820352,0.0012121200561523438,True
8,1789567747.2177887,0.0,True
8,1789567747.2501364,0.0008742809295654297,True
8,1789567747.2771604,0.0007536411285400391,True
8,1789567747.300446,0.0012845993041992188,True
8,1789567747.3308096,0.0011112689971923828,True
8,1789567747.366325,0.0006482601165771484,True
8,1789567747.3990576,0.0,True
8,1789567747.4332006,0.0009443759918212891,True
8,1789567747.467271,0.0007114410400390625,True
8,1789567747.4994292,0.0,True
8,1789567747.5343685,0.0005087852478027344,True
8,1789567747.566446,0.0009427070617675781,True
8,1789567747.602344,0.0006339550018310547,True
8,1789567747.6348004,0.0007169246673583984,True
8,1789567747.6676261,0.000576019287109375,True
8,1789567747.7023785,0.0005877017974853516,True
8,1789567747.7336707,0.0007040500640869141,True
8,1789567747.7682335,0.0009832382202148438,True
8,1789567747.7692168,0.0005900859832763672,True
8,1789567747.8005347,0.0008018016815185547,True
8,1789567747.8341746,0.0,True
8,1789567747.8671594,0.0007922649383544922,True
8,1789567747.899607,0.001177072525024414,True
8,1789567747.9333212,0.0004413127899169922,True
8,1789567747.966455,0.00046706199645996094,True
8,1789567748.0010417,0.0005173683166503906,True
8,1789567748.033191,0.0007112026214599609,True
8,1789567748.0670438,0.0007040500640869141,True
8,1789567748.1013389,0.0,True
8,1789567748.1333256,0.00044083595275878906,True
8,1789567748.166013,0.0012199878692626953,True
8,1789567748.20133,0.0,True
8,1789567748.232374,0.0015757083892822266,True
8,1789567748.2670815,0.0008547306060791016,True
8,1789567748.3001096,0.0005352497100830078,True
8,1789567748.3001096,0.0005352497100830078,True
8,1789567748.3332407,0.0009963512420654297,True
8,1789567748.3670537,0.0006461143493652344,True
8,1789567748.4010804,0.0005915164947509766,True
8,1789567748.4218175,0.00144195556640625,True
8,1789567748.4501162,0.0010447502136230469,True
8,1789567748.4836137,0.00036597251892089844,True
8,1789567748.51698,0.0010094642639160156,True
8,1789567748.548662,0.0006494522094726562,True
8,1789567748.5821052,0.001260995864868164,True
8,1789567748.6176646,0.0,True
8,1789567748.6503356,0.000759124755859375,True
8,1789567748.683661,0.0,True
8,1789567748.7178593,0.0005972385406494141,True
8,1789567748.7507849,0.0007352828979492188,True
8,1789567748.785441,0.0005333423614501953,True
8,1789567748.8168156,0.00032591819763183594,True
8,1789567748.850295,0.0006506443023681641,True
8,1789567748.8847902,0.0005388259887695312,True
8,1789567748.9167717,0.0,True
8,1789567748.9486754,0.0007646083831787109,True
8,1789567748.9822109,0.0009658336639404297,True
8,1789567749.017487,0.0,True
8,1789567749.0508997,0.0006105899810791016,True
8,1789567749.0821445,0.001104116439819336,True
8,1789567749.1166987,0.0007240772247314453,True
8,1789567749.1494694,0.0010895729064941406,True
8,1789567749.1821678,0.001008749008178711,True
8,1789567749.2032194,0.0005075931549072266,True
8,1789567749.217514,0.0,True
8,1789567749.2486663,0.0014078617095947266,True
8,1789567749.2829783,0.0006191730499267578,True
8,1789567749.317181,0.0006513595581054688,True
8,1789567749.3499408,0.0005791187286376953,True
8,1789567749.3828402,0.0010290145874023438,True
8,1789567749.4042768,0.0,True
8,1789567749.4354885,0.0007886886596679688,True
8,1789567749.4674478,0.0,True
8,1789567749.500338,0.0005228519439697266,True
8,1789567749.534528,0.0,True
8,1789567749.534528,0.0008900165557861328,True
8,1789567749.5659502,0.0008974075317382812,True
8,1789567749.5882986,0.0012996196746826172,True
8,1789567749.6191351,0.00036025047302246094,True
8,1789567749.6513188,0.0,True
8,1789567749.6832776,0.0007863044738769531,True
8,1789567749.7169485,0.0006496906280517578,True
8,1789567749.7523656,0.0004730224609375,True
8,1789567749.7528386,0.0010118484497070312,True
8,1789567749.783086,0.0006964206695556641,True
8,1789567749.8163712,0.00043272972106933594,True
8,1789567749.8448958,0.0015246868133544922,True
8,1789567749.8669968,0.0,True
8,1789567749.898433,0.0006775856018066406,True
8,1789567749.9134965,0.0,True
8,1789567749.9484677,0.0005621910095214844,True
8,1789567749.982985,0.0013065338134765625,True
8,1789567750.016488,0.0006685256958007812,True
8,1789567750.0515332,0.0005853176116943359,True
8,1789567750.083099,0.0013713836669921875,True
8,1789567750.1168392,0.0,True
8,1789567750.150067,0.0005171298980712891,True
8,1789567750.1844516,0.0005297660827636719,True
8,1789567750.216163,0.0007481575012207031,True
8,1789567750.249674,0.0010178089141845703,True
8,1789567750.283102,0.0011119842529296875,True
8,1789567750.2981553,0.0012314319610595703,True
8,1789567750.3327982,0.0006871223449707031,True
8,1789567750.3663886,0.0005970001220703125,True
8,1789567750.3983088,0.001092672348022461,True
8,1789567750.43396,0.0007214546203613281,True
8,1789567750.46638,0.0006182193756103516,True
8,1789567750.4983332,0.0012164115905761719,True
8,1789567750.5319386,0.001779794692993164,True
8,1789567750.5650742,0.001420736312866211,True
8,1789567750.566495,0.0,True
8,1789567750.600557,0.0007634162902832031,True
8,1789567750.6336048,0.00030303001403808594,True
8,1789567750.6662493,0.0007839202880859375,True
8,1789567750.6996126,0.0009586811065673828,True
8,1789567750.7316754,0.0009360313415527344,True
8,1789567750.7669632,0.0005810260772705078,True
8,1789567750.7992017,0.00045108795166015625,True
8,1789567750.7996528,0.0012981891632080078,True
8,1789567750.8347275,0.0005784034729003906,True
8,1789567750.8665829,0.0010077953338623047,True
8,1789567750.898569,0.0009634494781494141,True
8,1789567750.9318328,0.0006494522094726562,True
8,1789567750.9651117,0.0006668567657470703,True
8,1789567750.981508,0.0017895698547363281,True
8,1789567751.0151913,0.0005834102630615234,True
8,1789567751.0499325,0.0012280941009521484,True
8,1789567751.083234,0.0005807876586914062,True
8,1789567751.1162586,0.0010833740234375,True
8,1789567751.1493459,0.0,True
8,1789567751.184777,0.0004742145538330078,True
8,1789567751.2162108,0.0007677078247070312,True
8,1789567751.2491171,0.00035691261291503906,True
8,1789567751.281636,0.0015628337860107422,True
8,1789567751.316237,0.0007576942443847656,True
8,1789567751.3507817,0.0005896091461181641,True
8,1789567751.3828337,0.0006365776062011719,True
8,1789567751.4169211,0.0006997585296630859,True
8,1789567751.449353,0.0011491775512695312,True
8,1789567751.482678,0.0008013248443603516,True
8,1789567751.5147822,0.0009634494781494141,True
8,1789567751.5481832,0.0007455348968505859,True
8,1789567751.5691164,0.0,True
8,1789567751.6006029,0.0005888938903808594,True
8,1789567751.632606,0.0012187957763671875,True
8,1789567751.66578,0.00033020973205566406,True
8,1789567751.6991665,0.000797271728515625,True
8,1789567751.7325468,0.0007414817810058594,True
8,1789567751.7664843,0.0006890296936035156,True
8,1789567751.7982783,0.0011563301086425781,True
8,1789567751.8330913,0.000522613525390625,True
8,1789567751.8660684,0.000728607177734375,True
8,1789567751.899596,0.0010089874267578125,True
8,1789567751.9314826,0.005619525909423828,True
8,1789567751.9658763,0.0,True
8,1789567752.0000794,0.0006251335144042969,True
8,1789567752.0331523,0.0005922317504882812,True
8,1789567752.065983,0.0011663436889648438,True
8,1789567752.1007528,0.0005986690521240234,True
8,1789567752.1321502,0.0003457069396972656,True
8,1789567752.1647403,0.0006649494171142578,True
8,1789567752.1995072,0.000461578369140625,True
8,1789567752.2334275,0.0005931854248046875,True
8,1789567752.2633038,0.0006785392761230469,True
8,1789567752.296529,0.0007045269012451172,True
8,1789567752.3231263,0.00044274330139160156,True
8,1789567752.349188,0.0005204677581787109,True
8,1789567752.3820426,0.00033283233642578125,True
8,1789567752.4162025,0.00060272216796875,True
8,1789567752.4502232,0.0005202293395996094,True
8,1789567752.48283,0.0005841255187988281,True
8,1789567752.5149002,0.0005505084991455078,True
8,1789567752.5482984,0.0008974075317382812,True
8,1789567752.5828533,0.0006625652313232422,True
8,1789567752.6036992,0.0006098747253417969,True
8,1789567752.632478,0.0007262229919433594,True
8,1789567752.6666362,0.0006492137908935547,True
8,1789567752.6995535,0.0012395381927490234,True
8,1789567752.7324584,0.0006592273712158203,True
8,1789567752.7656653,0.0007090568542480469,True
8,1789567752.799257,0.0,True
8,1789567752.8328354,0.0007090568542480469,True
8,1789567752.865919,0.0008013248443603516,True
8,1789567752.8987598,0.0004572868347167969,True
8,1789567752.9320056,0.0007569789886474609,True
8,1789567752.965137,0.0019121170043945312,True
8,1789567752.9996412,0.0005669593811035156,True
8,1789567753.0334353,0.0006091594696044922,True
8,1789567753.0340445,0.0,True
8,1789567753.0658154,0.0005617141723632812,True
8,1789567753.099428,0.0010745525360107422,True
8,1789567753.1318533,0.0004532337188720703,True
8,1789567753.16287,0.0007476806640625,True
8,1789567753.185455,0.0,True
8,1789567753.215835,0.0007419586181640625,True
8,1789567753.237896,0.0012493133544921875,True
8,1789567753.266072,0.0,True
8,1789567753.2984936,0.0005488395690917969,True
8,1789567753.3335204,0.0009768009185791016,True
8,1789567753.363919,0.000713348388671875,True
8,1789567753.3984718,0.0007681846618652344,True
8,1789567753.4205387,0.0007212162017822266,True
8,1789567753.449891,0.0015108585357666016,True
8,1789567753.4826033,0.0010361671447753906,True
8,1789567753.516071,0.000659942626953125,True
8,1789567753.5496454,0.00103759765625,True
8,1789567753.5816658,0.0020101070404052734,True
8,1789567753.6167424,0.0,True
8,1789567753.6492887,0.0010068416595458984,True
8,1789567753.6845386,0.0006551742553710938,True
8,1789567753.7164795,0.0006563663482666016,True
8,1789567753.7507544,0.0013706684112548828,True
8,1789567753.7817132,0.0014824867248535156,True
8,1789567753.8148155,0.0007307529449462891,True
8,1789567753.8155463,0.0,True
8,1789567753.8490171,0.0007832050323486328,True
8,1789567753.8826282,0.001031637191772461,True
8,1789567753.914411,0.0011396408081054688,True
8,1789567753.9488165,0.0,True
8,1789567753.9831302,0.0007119178771972656,True
8,1789567754.0157578,0.0007710456848144531,True
8,1789567754.0508428,0.0,True
8,1789567754.0846305,0.0010056495666503906,True
8,1789567754.1144087,0.0014276504516601562,True
8,1789567754.1490896,0.0,True
8,1789567754.1824005,0.0007009506225585938,True
8,1789567754.2151606,0.0003211498260498047,True
8,1789567754.2363746,0.0006327629089355469,True
8,1789567754.2661543,0.0,True
8,1789567754.2981236,0.0003650188446044922,True
8,1789567754.331753,0.00116729736328125,True
8,1789567754.365044,0.0008695125579833984,True
8,1789567754.3982725,0.0004534721374511719,True
8,1789567754.433326,0.0005540847778320312,True
8,1789567754.465791,0.0010097026824951172,True
8,1789567754.498914,0.0006957054138183594,True
8,1789567754.5321503,0.0,True
8,1789567754.564474,0.0012738704681396484,True
8,1789567754.565748,0.0,True
8,1789567754.5984929,0.00080108642578125,True
8,1789567754.633599,0.0005080699920654297,True
8,1789567754.6653626,0.0008161067962646484,True
8,1789567754.6990895,0.0,True
8,1789567754.7325041,0.0005242824554443359,True
8,1789567754.768043,0.0010137557983398438,True
8,1789567754.7690568,0.0005128383636474609,True
8,1789567754.7991135,0.0005102157592773438,True
8,1789567754.7996237,0.0,True
8,1789567754.832855,0.0005674362182617188,True
8,1789567754.8654406,0.0010821819305419922,True
8,1789567754.8978407,0.0008385181427001953,True
8,1789567754.9311876,0.0009751319885253906,True
8,1789567754.963264,0.0011038780212402344,True
8,1789567754.9982271,0.0009701251983642578,True
8,1789567755.0039432,0.0,True
8,1789567755.0330074,0.00086212158203125,True
8,1789567755.0651639,0.0010080337524414062,True
8,1789567755.066172,0.0,True
8,1789567755.0989022,0.0,True
8,1789567755.131362,0.0008707046508789062,True
8,1789567755.1649566,0.00030303001403808594,True
8,1789567755.1989224,0.0005745887756347656,True
8,1789567755.2158878,0.00046634674072265625,True
8,1789567755.2484043,0.0003306865692138672,True
8,1789567755.270314,0.0007426738739013672,True
8,1789567755.2984357,0.0010111331939697266,True
8,1789567755.3334112,0.0005509853363037109,True
8,1789567755.3652236,0.0007283687591552734,True
8,1789567755.3974767,0.000705718994140625,True
8,1789567755.4320369,0.0010743141174316406,True
8,1789567755.4647563,0.0003170967102050781,True
8,1789567755.4984617,0.0010111331939697266,True
8,1789567755.5316818,0.0,True
8,1789567755.5435188,0.0,True
8,1789567755.564926,0.0,True
8,1789567755.5982165,0.0006642341613769531,True
8,1789567755.6319633,0.0,True
8,1789567755.6655858,0.00030803680419921875,True
8,1789567755.6964874,0.0,True
8,1789567755.7179923,0.00038313865661621094,True
8,1789567755.742863,0.0007283687591552734,True
8,1789567755.7828598,0.0008089542388916016,True
8,1789567755.8152502,0.0,True
8,1789567755.8491964,0.0005049705505371094,True
8,1789567755.8811896,0.0006768703460693359,True
8,1789567755.9129653,0.0005555152893066406,True
8,1789567755.946508,0.0007042884826660156,True
8,1789567755.9816413,0.001219034194946289,True
8,1789567756.0153282,0.0006413459777832031,True
8,1789567756.049461,0.0009281635284423828,True
8,1789567756.050389,0.0005071163177490234,True
8,1789567756.0830746,0.0006182193756103516,True
8,1789567756.1148958,0.0007457733154296875,True
8,1789567756.1472497,0.0,True
8,1789567756.1811156,0.0008606910705566406,True
8,1789567756.2132645,0.0006580352783203125,True
8,1789567756.2471862,0.0009436607360839844,True
8,1789567756.279996,0.0005693435668945312,True
8,1789567756.3108773,0.0,True
8,1789567756.3318026,0.0,True
8,1789567756.3656895,0.0005335807800292969,True
8,1789567756.3963869,0.0006978511810302734,True
8,1789567756.4194229,0.0,True
8,1789567756.4482281,0.0010998249053955078,True
8,1789567756.4828424,0.0005469322204589844,True
8,1789567756.5140145,0.0006775856018066406,True
8,1789567756.548796,0.0005726814270019531,True
8,1789567756.5829878,0.0005609989166259766,True
8,1789567756.6153438,0.0,True
8,1789567756.6482122,0.0007817745208740234,True
8,1789567756.6789968,0.0,True
8,1789567756.7068453,0.0006015300750732422,True
8,1789567756.7308397,0.0009758472442626953,True
8,1789567756.7518775,0.0005049705505371094,True
8,1789567756.781163,0.0006237030029296875,True
8,1789567756.8132749,0.0006160736083984375,True
8,1789567756.8481221,0.0006463527679443359,True
8,1789567756.8818703,0.00045943260192871094,True
8,1789567756.9131315,0.0006492137908935547,True
8,1789567756.9462302,0.0006608963012695312,True
8,1789567756.9670255,0.0005295276641845703,True
8,1789567756.9991977,0.0006191730499267578,True
8,1789567757.032668,0.0005769729614257812,True
8,1789567757.0642052,0.0,True
8,1789567757.097801,0.0008752346038818359,True
8,1789567757.1311853,0.0007402896881103516,True
8,1789567757.1632605,0.0005700588226318359,True
8,1789567757.1965427,0.0005769729614257812,True
8,1789567757.231032,0.0,True
8,1789567757.2632256,0.0005805492401123047,True
8,1789567757.2964003,0.0005707740783691406,True
8,1789567757.3325067,0.0005407333374023438,True
8,1789567757.3655515,0.0005729198455810547,True
8,1789567757.3972704,0.0007853507995605469,True
8,1789567757.4316034,0.0006558895111083984,True
8,1789567757.4647226,0.0010135173797607422,True
8,1789567757.4972618,0.0008699893951416016,True
8,1789567757.5316713,0.0008761882781982422,True
8,1789567757.5634778,0.0006709098815917969,True
8,1789567757.596651,0.0006299018859863281,True
8,1789567757.6180422,0.0010044574737548828,True
8,1789567757.648596,0.0005948543548583984,True
8,1789567757.6815848,0.0006875991821289062,True
8,1789567757.713541,0.0006814002990722656,True
8,1789567757.7482972,0.0006170272827148438,True
8,1789567757.7694614,0.0011866092681884766,True
8,1789567757.7978325,0.0007791519165039062,True
8,1789567757.8311796,0.0007343292236328125,True
8,1789567757.864683,0.0005795955657958984,True
8,1789567757.896511,0.0006022453308105469,True
8,1789567757.930635,0.0006210803985595703,True
8,1789567757.9631586,0.0009889602661132812,True
8,1789567757.9965603,0.0012288093566894531,True
8,1789567758.0317087,0.0010097026824951172,True
8,1789567758.0654323,0.0005919933319091797,True
8,1789567758.0981174,0.0005328655242919922,True
8,1789567758.1295214,0.0005593299865722656,True
8,1789567758.1633637,0.0013589859008789062,True
8,1789567758.1979525,0.000576019287109375,True
8,1789567758.231637,0.0010936260223388672,True
8,1789567758.2631826,0.0011382102966308594,True
8,1789567758.2962556,0.0009922981262207031,True
8,1789567758.31915,0.0015683174133300781,True
8,1789567758.3479054,0.00079345703125,True
8,1789567758.3812015,0.0006570816040039062,True
8,1789567758.4148953,0.0006010532379150391,True
8,1789567758.446632,0.0006954669952392578,True
8,1789567758.4674938,0.0,True
8,1789567758.4965825,0.0010790824890136719,True
8,1789567758.531857,0.0005400180816650391,True
8,1789567758.5378518,0.0,True
8,1789567758.5648255,0.0006062984466552734,True
8,1789567758.5654318,0.0,True
8,1789567758.59664,0.0007243156433105469,True
8,1789567758.6320157,0.0006570816040039062,True
8,1789567758.6646702,0.0009014606475830078,True
8,1789567758.6967144,0.0006866455078125,True
8,1789567758.733783,0.0,True
8,1789567758.7637088,0.0004813671112060547,True
8,1789567758.7976735,0.0013885498046875,True
8,1789567758.8318465,0.0005767345428466797,True
8,1789567758.8648229,0.0010106563568115234,True
8,1789567758.8966255,0.000690460205078125,True
8,1789567758.9298108,0.0007128715515136719,True
8,1789567758.9632626,0.0007560253143310547,True
8,1789567758.9963326,0.001081228256225586,True
8,1789567759.0319135,0.0005338191986083984,True
8,1789567759.0652413,0.0007030963897705078,True
8,1789567759.0975938,0.0010635852813720703,True
8,1789567759.130559,0.0003447532653808594,True
8,1789567759.1624706,0.0007617473602294922,True
8,1789567759.1966915,0.0006694793701171875,True
8,1789567759.2309067,0.0011820793151855469,True
8,1789567759.2641816,0.0007891654968261719,True
8,1789567759.2966208,0.0006771087646484375,True
8,1789567759.3321314,0.0015411376953125,True
8,1789567759.3626285,0.0012996196746826172,True
8,1789567759.396676,0.001249551773071289,True
8,1789567759.4318414,0.0003178119659423828,True
8,1789567759.4650123,0.0005900859832763672,True
8,1789567759.4967175,0.0007350444793701172,True
8,1789567759.531035,0.0,True
8,1789567759.5623972,0.000789642333984375,True
8,1789567759.584343,0.0006678104400634766,True
8,1789567759.6167545,0.0010192394256591797,True
8,1789567759.6379666,0.0018489360809326172,True
8,1789567759.6630685,0.0010395050048828125,True
8,1789567759.696716,0.0005445480346679688,True
8,1789567759.7172923,0.0,True
8,1789567759.74831,0.0007121562957763672,True
8,1789567759.7829022,0.0007343292236328125,True
8,1789567759.8132932,0.0009047985076904297,True
8,1789567759.8464901,0.0009579658508300781,True
8,1789567759.8808124,0.0013136863708496094,True
8,1789567759.9124079,0.001356363296508789,True
8,1789567759.9466527,0.0010998249053955078,True
8,1789567759.979424,0.000732421875,True
8,1789567760.0148056,0.0006971359252929688,True
8,1789567760.0475802,0.0,True
8,1789567760.080593,0.0006914138793945312,True
8,1789567760.0812845,0.0005216598510742188,True
8,1789567760.1146524,0.0005054473876953125,True
8,1789567760.147282,0.0005030632019042969,True
8,1789567760.18717,0.001287698745727539,True
8,1789567760.2141843,0.0010640621185302734,True
8,1789567760.2464354,0.0009009838104248047,True
8,1789567760.2806542,0.000720977783203125,True
8,1789567760.3133612,0.0005121231079101562,True
8,1789567760.3469033,0.0006327629089355469,True
8,1789567760.3810549,0.0010199546813964844,True
8,1789567760.4141488,0.0010068416595458984,True
8,1789567760.4356127,0.0006175041198730469,True
8,1789567760.4642081,0.0006732940673828125,True
8,1789567760.4966457,0.0005698204040527344,True
8,1789567760.531528,0.0005214214324951172,True
8,1789567760.562416,0.0010271072387695312,True
8,1789567760.5964398,0.0006928443908691406,True
8,1789567760.6174455,0.0,True
8,1789567760.6475635,0.0006606578826904297,True
8,1789567760.669649,0.001222848892211914,True
8,1789567760.6977642,0.0005185604095458984,True
8,1789567760.7193837,0.00101470947265625,True
8,1789567760.7510524,0.0012288093566894531,True
8,1789567760.7855337,0.0006468296051025391,True
8,1789567760.8123515,0.0011439323425292969,True
8,1789567760.8465555,0.0008699893951416016,True
8,1789567760.8807354,0.001008749008178711,True
8,1789567760.9132564,0.0004017353057861328,True
8,1789567760.9463735,0.0009658336639404297,True
8,1789567760.9690244,0.0016241073608398438,True
8,1789567760.9976249,0.0006983280181884766,True
8,1789567761.0322835,0.0,True
8,1789567761.064641,0.0005819797515869141,True
8,1789567761.065223,0.0,True
8,1789567761.0971794,0.0006647109985351562,True
8,1789567761.130627,0.0006239414215087891,True
8,1789567761.1627092,0.0006444454193115234,True
8,1789567761.1965952,0.0007798671722412109,True
8,1789567761.2290077,0.001020669937133789,True
8,1789567761.2625687,0.0012211799621582031,True
8,1789567761.2962852,0.0005273818969726562,True
8,1789567761.32941,0.001237630844116211,True
8,1789567761.3628101,0.0006577968597412109,True
8,1789567761.3998199,0.0,True
8,1789567761.4307816,0.0005540847778320312,True
8,1789567761.4638796,0.0,True
8,1789567761.4967988,0.0004227161407470703,True
8,1789567761.5310357,0.00052642822265625,True
8,1789567761.556931,0.003061532974243164,True
8,1789567761.5806353,0.0005447864532470703,True
8,1789567761.58118,0.0005240440368652344,True
8,1789567761.613011,0.0003604888916015625,True
8,1789567761.6377747,0.0008389949798583984,True
8,1789567761.663843,0.0007116794586181641,True
8,1789567761.6973128,0.0011148452758789062,True
8,1789567761.7316847,0.0,True
8,1789567761.7654364,0.0005879402160644531,True
8,1789567761.7861128,0.002048492431640625,True
8,1789567761.812431,0.0006475448608398438,True
8,1789567761.8467228,0.00033020973205566406,True
8,1789567761.880345,0.0011904239654541016,True
8,1789567761.9131122,0.0007419586181640625,True
8,1789567761.946226,0.0003688335418701172,True
8,1789567761.9810464,0.0008940696716308594,True
8,1789567762.0127966,0.0006201267242431641,True
8,1789567762.046832,0.000614166259765625,True
8,1789567762.0808134,0.0006401538848876953,True
8,1789567762.1126099,0.0006561279296875,True
8,1789567762.145479,0.0008158683776855469,True
8,1789567762.18051,0.00102996826171875,True
8,1789567762.2145846,0.0005431175231933594,True
8,1789567762.2457871,0.0015673637390136719,True
8,1789567762.2805834,0.0010280609130859375,True
8,1789567762.3131642,0.0006482601165771484,True
8,1789567762.3465307,0.0007312297821044922,True
8,1789567762.3799586,0.00035643577575683594,True
8,1789567762.4123502,0.0009510517120361328,True
8,1789567762.4467278,0.0008859634399414062,True
8,1789567762.4801226,0.0007319450378417969,True
8,1789567762.5121992,0.0010442733764648438,True
8,1789567762.5459883,0.0003337860107421875,True
8,1789567762.5692933,0.0,True
8,1789567762.5981035,0.0,True
8,1789567762.6308074,0.0006299018859863281,True
8,1789567762.6631596,0.0,True
8,1789567762.697571,0.0005052089691162109,True
8,1789567762.7308307,0.0009655952453613281,True
8,1789567762.765253,0.0006339550018310547,True
8,1789567762.7965436,0.0,True
8,1789567762.831546,0.0,True
8,1789567762.8644085,0.0,True
8,1789567762.8956804,0.0003917217254638672,True
8,1789567762.9298823,0.0005998611450195312,True
8,1789567762.96268,0.0007460117340087891,True
8,1789567763.0008147,0.0,True
8,1789567763.0317254,0.0,True
8,1789567763.0639558,0.0,True
8,1789567763.0967877,0.0,True
8,1789567763.1286123,0.0010731220245361328,True
8,1789567763.161009,0.0006232261657714844,True
8,1789567763.1963072,0.0007622241973876953,True
8,1789567763.2299824,0.0005562305450439453,True
8,1789567763.2619038,0.0010495185852050781,True
8,1789567763.295203,0.00093841552734375,True
8,1789567763.3284364,0.0010046958923339844,True
8,1789567763.3630762,0.0,True
8,1789567763.3952165,0.0006759166717529297,True
8,1789567763.4308963,0.0005943775177001953,True
8,1789567763.462283,0.0,True
8,1789567763.4951882,0.0006556510925292969,True
8,1789567763.5284095,0.0009777545928955078,True
8,1789567763.5626173,0.0005168914794921875,True
8,1789567763.598333,0.0005040168762207031,True
8,1789567763.6294453,0.0008056163787841797,True
8,1789567763.6630228,0.0006518363952636719,True
8,1789567763.6960285,0.0007901191711425781,True
8,1789567763.7300608,0.0008933544158935547,True
8,1789567763.7641642,0.0005927085876464844,True
8,1789567763.7959003,0.0,True
8,1789567763.82985,0.0006489753723144531,True
8,1789567763.8615122,0.0006015300750732422,True
8,1789567763.8621137,0.0004591941833496094,True
8,1789567763.8965888,0.0006120204925537109,True
8,1789567763.9283447,0.0011191368103027344,True
8,1789567763.9606066,0.000690460205078125,True
8,1789567763.9960783,0.0008318424224853516,True
8,1789567764.0308611,0.0004734992980957031,True
8,1789567764.0642235,0.0007205009460449219,True
8,1789567764.09613,0.0008041858673095703,True
8,1789567764.096934,0.0,True
8,1789567764.128491,0.0014133453369140625,True
8,1789567764.1617374,0.0005040168762207031,True
8,1789567764.1953945,0.0009369850158691406,True
8,1789567764.2325633,0.0005245208740234375,True
8,1789567764.2607026,0.0005915164947509766,True
8,1789567764.2954857,0.0004916191101074219,True
8,1789567764.33045,0.0005037784576416016,True
8,1789567764.3309538,0.0006394386291503906,True
8,1789567764.362668,0.0009353160858154297,True
8,1789567764.3963335,0.0005705356597900391,True
8,1789567764.419066,0.0006103515625,True
8,1789567764.4473789,0.0,True
8,1789567764.4794877,0.0005044937133789062,True
8,1789567764.5118036,0.0005071163177490234,True
8,1789567764.5449355,0.0011584758758544922,True
8,1789567764.579273,0.0005085468292236328,True
8,1789567764.6126373,0.0006437301635742188,True
8,1789567764.6459372,0.0003364086151123047,True
8,1789567764.6789937,0.0008025169372558594,True
8,1789567764.7127018,0.0005211830139160156,True
8,1789567764.7382693,0.0007195472717285156,True
8,1789567764.7665517,0.0,True
8,1789567764.7958932,0.0007870197296142578,True
8,1789567764.8308644,0.0013036727905273438,True
8,1789567764.8624394,0.0010647773742675781,True
8,1789567764.8984606,0.0006721019744873047,True
8,1789567764.9287553,0.0043125152587890625,True
8,1789567764.960159,0.0009174346923828125,True
8,1789567764.9961147,0.0007295608520507812,True
8,1789567765.019226,0.0016994476318359375,True
8,1789567765.0462902,0.0005934238433837891,True
8,1789567765.081593,0.0005159378051757812,True
8,1789567765.111259,0.0012128353118896484,True
8,1789567765.1124718,0.0005502700805664062,True
8,1789567765.1453762,0.0009741783142089844,True
8,1789567765.179704,0.0005636215209960938,True
8,1789567765.2128317,0.0010085105895996094,True
8,1789567765.245332,0.0008187294006347656,True
8,1789567765.266529,0.0010547637939453125,True
8,1789567765.2955925,0.0003142356872558594,True
8,1789567765.329944,0.0005657672882080078,True
8,1789567765.3625684,0.001207590103149414,True
8,1789567765.3958597,0.0005710124969482422,True
8,1789567765.4304988,0.0005753040313720703,True
8,1789567765.4608865,0.0013725757598876953,True
8,1789567765.4953315,0.0005340576171875,True
8,1789567765.5282419,0.0014948844909667969,True
8,1789567765.5618355,0.0010704994201660156,True
8,1789567765.5957253,0.0012848377227783203,True
8,1789567765.5970101,0.0,True
8,1789567765.6308825,0.0006985664367675781,True
8,1789567765.6627498,0.0009913444519042969,True
8,1789567765.6959562,0.0005707740783691406,True
8,1789567765.7308114,0.0015058517456054688,True
8,1789567765.7609558,0.0014345645904541016,True
8,1789567765.7958434,0.0006611347198486328,True
8,1789567765.8298895,0.0005059242248535156,True
8,1789567765.8623323,0.0008945465087890625,True
8,1789567765.8958642,0.0008218288421630859,True
8,1789567765.9278212,0.0016987323760986328,True
8,1789567765.962694,0.000518798828125,True
8,1789567765.9963744,0.0,True
8,1789567766.0299375,0.0016849040985107422,True
8,1789567766.0611022,0.0010905265808105469,True
8,1789567766.0958257,0.0013892650604248047,True
8,1789567766.097215,0.0,True
8,1789567766.1295178,0.0005190372467041016,True
8,1789567766.1606128,0.0007739067077636719,True
8,1789567766.1958294,0.0008006095886230469,True
8,1789567766.2319858,0.0007269382476806641,True
8,1789567766.2609055,0.0008020401000976562,True
8,1789567766.2947252,0.0005486011505126953,True
8,1789567766.329216,0.0012650489807128906,True
8,1789567766.3623576,0.0007154941558837891,True
8,1789567766.395602,0.0005192756652832031,True
8,1789567766.429469,0.0009150505065917969,True
8,1789567766.4608624,0.0006897449493408203,True
8,1789567766.495536,0.0009272098541259766,True
8,1789567766.5303316,0.0005886554718017578,True
8,1789567766.562374,0.0,True
8,1789567766.5972047,0.0157010555267334,True
8,1789567766.6129057,0.0,True
8,1789567766.646179,0.0015201568603515625,True
8,1789567766.6794188,0.0005822181701660156,True
8,1789567766.7138438,0.0010197162628173828,True
8,1789567766.7483668,0.0,True
8,1789567766.7691865,0.0015811920166015625,True
8,1789567766.795808,0.0005068778991699219,True
8,1789567766.829651,0.0011849403381347656,True
8,1789567766.830836,0.0,True
8,1789567766.8608513,0.0007171630859375,True
8,1789567766.8818414,0.0,True
8,1789567766.910847,0.0013985633850097656,True
8,1789567766.945533,0.0,True
8,1789567766.9789267,0.002150297164916992,True
8,1789567767.0129805,0.001168966293334961,True
8,1789567767.0465958,0.0010104179382324219,True
8,1789567767.0810578,0.0,True
8,1789567767.1108258,0.0016546249389648438,True
8,1789567767.1124804,0.0007278919219970703,True
8,1789567767.1453376,0.0005650520324707031,True
8,1789567767.1791947,0.0013620853424072266,True
8,1789567767.2131732,0.0005676746368408203,True
8,1789567767.24382,0.0006682872772216797,True
8,1789567767.2654035,0.0,True
8,1789567767.2949517,0.0006620883941650391,True
8,1789567767.3297918,0.0,True
8,1789567767.3607903,0.0016589164733886719,True
8,1789567767.3795044,0.0006003379821777344,True
8,1789567767.4123256,0.0006685256958007812,True
8,1789567767.4458761,0.000743865966796875,True
8,1789567767.4788957,0.0005054473876953125,True
8,1789567767.5111964,0.00042939186096191406,True
8,1789567767.544408,0.0014066696166992188,True
8,1789567767.5789597,0.0006823539733886719,True
8,1789567767.6103382,0.0016367435455322266,True
8,1789567767.6455464,0.0006158351898193359,True
8,1789567767.679171,0.0005233287811279297,True
8,1789567767.7106338,0.0008323192596435547,True
8,1789567767.7460299,0.0005254745483398438,True
8,1789567767.7705941,0.0,True
8,1789567767.7951856,0.001184701919555664,True
8,1789567767.829449,0.0005390644073486328,True
8,1789567767.8621113,0.0006320476531982422,True
8,1789567767.8949757,0.0007715225219726562,True
8,1789567767.9270585,0.001341104507446289,True
8,1789567767.9608402,0.0018243789672851562,True
8,1789567767.9951067,0.0009233951568603516,True
8,1789567768.0130885,0.0,True
8,1789567768.045195,0.0007150173187255859,True
8,1789567768.0785162,0.0006954669952392578,True
8,1789567768.1121812,0.001024007797241211,True
8,1789567768.1450334,0.0,True
8,1789567768.1788013,0.0006089210510253906,True
8,1789567768.2101214,0.0006754398345947266,True
8,1789567768.2442868,0.0010478496551513672,True
8,1789567768.2659044,0.0,True
8,1789567768.2948394,0.00032973289489746094,True
8,1789567768.325352,0.0008866786956787109,True
8,1789567768.3615308,0.0006463527679443359,True
8,1789567768.3621771,0.0005660057067871094,True
8,1789567768.3949974,0.0,True
8,1789567768.42864,0.0,True
8,1789567768.4607441,0.0006010532379150391,True
8,1789567768.4940765,0.0009236335754394531,True
8,1789567768.5289526,0.0005314350128173828,True
8,1789567768.5537808,0.0,True
8,1789567768.5781906,0.0006966590881347656,True
8,1789567768.6121624,0.0005662441253662109,True
8,1789567768.6121624,0.0005662441253662109,True
8,1789567768.643648,0.0010733604431152344,True
8,1789567768.6787093,0.0005161762237548828,True
8,1789567768.7131438,0.0005884170532226562,True
8,1789567768.7471795,0.0005469322204589844,True
8,1789567768.7691195,0.0006351470947265625,True
8,1789567768.7946858,0.0007481575012207031,True
8,1789567768.8290248,0.00066375732421875,True
8,1789567768.862012,0.0005128383636474609,True
8,1789567768.8625247,0.0006165504455566406,True
8,1789567768.89511,0.0007748603820800781,True
8,1789567768.9275694,0.0008988380432128906,True
8,1789567768.9600568,0.0012180805206298828,True
8,1789567768.9948368,0.0006000995635986328,True
8,1789567769.02846,0.0013041496276855469,True
8,1789567769.060491,0.0006666183471679688,True
8,1789567769.0952759,0.0012555122375488281,True
8,1789567769.0965314,0.0,True
8,1789567769.128178,0.0,True
8,1789567769.1278486,0.0003292560577392578,True
8,1789567769.1600246,0.001959562301635742,True
8,1789567769.1952837,0.0012927055358886719,True
8,1789567769.2291,0.0005648136138916016,True
8,1789567769.2605445,0.0011665821075439453,True
8,1789567769.2881994,0.0,True
8,1789567769.3104868,0.0008597373962402344,True
8,1789567769.34343,0.0013463497161865234,True
8,1789567769.3780015,0.0008697509765625,True
8,1789567769.4108665,0.0008490085601806641,True
8,1789567769.4436922,0.0013103485107421875,True
8,1789567769.478145,0.0,True
8,1789567769.5104842,0.0007674694061279297,True
8,1789567769.5434473,0.0014874935150146484,True
8,1789567769.5781147,0.0011532306671142578,True
8,1789567769.6102638,0.0007889270782470703,True
8,1789567769.6425695,0.0005769729614257812,True
8,1789567769.6645272,0.0,True
8,1789567769.6956682,0.0004203319549560547,True
8,1789567769.7300713,0.0005040168762207031,True
8,1789567769.7638621,0.0,True
8,1789567769.794737,0.0,True
8,1789567769.8282588,0.0012013912200927734,True
8,1789567769.861583,0.0,True
8,1789567769.8783638,0.0,True
8,1789567769.9098735,0.0018265247344970703,True
8,1789567769.943477,0.0010323524475097656,True
8,1789567769.9779334,0.0,True
8,1789567770.0113273,0.001813650131225586,True
8,1789567770.0450823,0.0,True
8,1789567770.0794184,0.0012197494506835938,True
8,1789567770.1127934,0.0,True
8,1789567770.1434364,0.0008559226989746094,True
8,1789567770.176708,0.0012784004211425781,True
8,1789567770.2114458,0.0,True
8,1789567770.242603,0.0006487369537353516,True
8,1789567770.265848,0.0,True
8,1789567770.2932625,0.0014221668243408203,True
8,1789567770.3256428,0.0,True
8,1789567770.3612018,0.001207590103149414,True
8,1789567770.3624094,0.0,True
8,1789567770.3943286,0.0003185272216796875,True
8,1789567770.4254868,0.0006608963012695312,True
8,1789567770.4603937,0.001283884048461914,True
8,1789567770.493454,0.0011432170867919922,True
8,1789567770.5282195,0.0010170936584472656,True
8,1789567770.5600398,0.0013697147369384766,True
8,1789567770.5962064,0.0005099773406982422,True
8,1789567770.5967164,0.0018706321716308594,True
8,1789567770.6278071,0.0008442401885986328,True
8,1789567770.659896,0.0012164115905761719,True
8,1789567770.6935441,0.0006518363952636719,True
8,1789567770.7301366,0.0,True
8,1789567770.7639694,0.0008983612060546875,True
8,1789567770.794629,0.0007255077362060547,True
8,1789567770.8287425,0.0005247592926025391,True
8,1789567770.8608263,0.0003197193145751953,True
8,1789567770.8937705,0.0006561279296875,True
8,1789567770.9284558,0.0,True
8,1789567770.9599853,0.0010159015655517578,True
8,1789567770.9904642,0.0,True
8,1789567771.010756,0.0007762908935546875,True
8,1789567771.0455668,0.0013580322265625,True
8,1789567771.0793855,0.0007534027099609375,True
8,1789567771.110139,0.0011751651763916016,True
8,1789567771.1446707,0.0,True
8,1789567771.1751204,0.0,True
8,1789567771.2104928,0.00047588348388671875,True
8,1789567771.243304,0.0013661384582519531,True
8,1789567771.2652802,0.0,True
8,1789567771.2935724,0.0006058216094970703,True
8,1789567771.3254063,0.0,True
8,1789567771.3460772,0.0006988048553466797,True
8,1789567771.346776,0.0,True
8,1789567771.3774858,0.0,True
8,1789567771.4102523,0.0009610652923583984,True
8,1789567771.4441395,0.0,True
8,1789567771.4778023,0.0,True
8,1789567771.5102801,0.0006411075592041016,True
8,1789567771.543331,0.001010894775390625,True
8,1789567771.5780776,0.0,True
8,1789567771.610815,0.0,True
8,1789567771.6456647,0.0007526874542236328,True
8,1789567771.677696,0.0,True
8,1789567771.710405,0.0006940364837646484,True
8,1789567771.7439773,0.0,True
8,1789567771.764507,0.0003421306610107422,True
8,1789567771.7944372,0.0,True
8,1789567771.8155413,0.0,True
8,1789567771.8432076,0.0012879371643066406,True
8,1789567771.8779635,0.0,True
8,1789567771.9108858,0.0,True
8,1789567771.9424458,0.0016512870788574219,True
8,1789567771.9754832,0.0,True
8,1789567771.9960482,0.0005095005035400391,True
8,1789567772.0279837,0.0,True
8,1789567772.0607512,0.0,True
8,1789567772.0932148,0.0005078315734863281,True
8,1789567772.1252043,0.0,True
8,1789567772.160623,0.0,True
8,1789567772.1937268,0.0007781982421875,True
8,1789567772.229541,0.0,True
8,1789567772.2610002,0.0005910396575927734,True
8,1789567772.2927165,0.0013213157653808594,True
8,1789567772.3275177,0.001008749008178711,True
8,1789567772.3606155,0.00110626220703125,True
8,1789567772.3928442,0.0010945796966552734,True
8,1789567772.3939388,0.0,True
8,1789567772.4276433,0.0007779598236083984,True
8,1789567772.4609165,0.0,True
8,1789567772.492918,0.0012073516845703125,True
8,1789567772.5256674,0.0005061626434326172,True
8,1789567772.5606716,0.0,True
8,1789567772.596545,0.0007581710815429688,True
8,1789567772.6283891,0.0006887912750244141,True
8,1789567772.6622612,0.0005528926849365234,True
8,1789567772.6943362,0.0006623268127441406,True
8,1789567772.7274215,0.0007417201995849609,True
8,1789567772.7607694,0.0006263256072998047,True
8,1789567772.794371,0.0005691051483154297,True
8,1789567772.8254354,0.0018188953399658203,True
8,1789567772.860719,0.0004253387451171875,True
8,1789567772.8925848,0.0015456676483154297,True
8,1789567772.8941305,0.0,True
8,1789567772.9275572,0.0,True
8,1789567772.960616,0.0010097026824951172,True
8,1789567772.9828274,0.0005278587341308594,True
8,1789567773.010661,0.0,True
8,1789567773.0438545,0.000324249267578125,True
8,1789567773.0800028,0.0,True
8,1789567773.1099892,0.0009503364562988281,True
8,1789567773.1428626,0.0010302066802978516,True
8,1789567773.1438928,0.0,True
8,1789567773.1776633,0.0016999244689941406,True
8,1789567773.211016,0.0,True
8,1789567773.24273,0.0007960796356201172,True
8,1789567773.276506,0.0,True
8,1789567773.3106112,0.0,True
8,1789567773.34374,0.0009615421295166016,True
8,1789567773.3771675,0.0,True
8,1789567773.410513,0.0003502368927001953,True
8,1789567773.4283974,0.0,True
8,1789567773.4601443,0.0009222030639648438,True
8,1789567773.4925144,0.0010805130004882812,True
8,1789567773.5252047,0.0,True
8,1789567773.5606632,0.0,True
8,1789567773.5928473,0.0007607936859130859,True
8,1789567773.6150916,0.0,True
8,1789567773.6435215,0.0011539459228515625,True
8,1789567773.677478,0.0,True
8,1789567773.709317,0.0011789798736572266,True
8,1789567773.7433715,0.001298666000366211,True
8,1789567773.7770126,0.001009225845336914,True
8,1789567773.8092337,0.0009715557098388672,True
8,1789567773.842558,0.0014944076538085938,True
8,1789567773.8771005,0.0012385845184326172,True
8,1789567773.878339,0.0,True
8,1789567773.910146,0.0006797313690185547,True
8,1789567773.942563,0.0014133453369140625,True
8,1789567773.975487,0.0,True
8,1789567774.0102434,0.001238107681274414,True
16,1789567792.0907574,0.024173736572265625,True
16,1789567792.1136813,0.009605169296264648,True
16,1789567792.157489,0.0055539608001708984,True
16,1789567792.163043,0.0005393028259277344,True
16,1789567792.190942,0.0021321773529052734,True
16,1789567792.2151318,0.0007593631744384766,True
16,1789567792.2395232,0.0005095005035400391,True
16,1789567792.274351,0.0005948543548583984,True
16,1789567792.3042789,0.0,True
16,1789567792.324842,0.0005927085876464844,True
16,1789567792.3555648,0.0006432533264160156,True
16,1789567792.3888705,0.0004379749298095703,True
16,1789567792.423247,0.0010004043579101562,True
16,1789567792.4553964,0.0006251335144042969,True
16,1789567792.4560215,0.0,True
16,1789567792.4886308,0.0007004737854003906,True
16,1789567792.521385,0.00051116943359375,True
16,1789567792.5547364,0.0006656646728515625,True
16,1789567792.5880294,0.0004570484161376953,True
16,1789567792.6088326,0.0015931129455566406,True
16,1789567792.6385472,0.0008218288421630859,True
16,1789567792.670421,0.0005984306335449219,True
16,1789567792.7038925,0.0007383823394775391,True
16,1789567792.7386973,0.0005214214324951172,True
16,1789567792.7745514,0.0011675357818603516,True
16,1789567792.8052423,0.0007278919219970703,True
16,1789567792.8386402,0.0005650520324707031,True
16,1789567792.8741012,0.0010335445404052734,True
16,1789567792.9049926,0.0004420280456542969,True
16,1789567792.9392078,0.0004258155822753906,True
16,1789567792.97202,0.0006213188171386719,True
16,1789567793.0062337,0.0006618499755859375,True
16,1789567793.040562,0.0,True
16,1789567793.073049,0.0010981559753417969,True
16,1789567793.1064208,0.0006506443023681641,True
16,1789567793.1389394,0.0005993843078613281,True
16,1789567793.1703768,0.0006175041198730469,True
16,1789567793.2036052,0.0,True
16,1789567793.2388299,0.0005052089691162109,True
16,1789567793.2710946,0.0005846023559570312,True
16,1789567793.303777,0.0013530254364013672,True
16,1789567793.339722,0.0011892318725585938,True
16,1789567793.3723836,0.002732515335083008,True
16,1789567793.4052753,0.001129150390625,True
16,1789567793.4397848,0.0005118846893310547,True
16,1789567793.4402966,0.0,True
16,1789567793.473127,0.0,True
16,1789567793.5051467,0.00035309791564941406,True
16,1789567793.5396588,0.0005209445953369141,True
16,1789567793.570526,0.0014636516571044922,True
16,1789567793.6035311,0.0023086071014404297,True
16,1789567793.6391273,0.0,True
16,1789567793.6718473,0.0016939640045166016,True
16,1789567793.7072403,0.000576019287109375,True
16,1789567793.739142,0.0010623931884765625,True
16,1789567793.7709749,0.001178741455078125,True
16,1789567793.8040664,0.0014090538024902344,True
16,1789567793.838639,0.0005261898040771484,True
16,1789567793.8744462,0.0005738735198974609,True
16,1789567793.9054723,0.0010714530944824219,True
16,1789567793.938776,0.0007617473602294922,True
16,1789567793.9722106,0.000652313232421875,True
16,1789567794.0050838,0.0007264614105224609,True
16,1789567794.0395374,0.00051116943359375,True
16,1789567794.0729368,0.0008730888366699219,True
16,1789567794.1049554,0.0009610652923583984,True
16,1789567794.1385844,0.0015604496002197266,True
16,1789567794.173014,0.0005390644073486328,True
16,1789567794.2069933,0.0006842613220214844,True
16,1789567794.2385623,0.00042724609375,True
16,1789567794.269497,0.0010912418365478516,True
16,1789567794.3036883,0.0013468265533447266,True
16,1789567794.3389525,0.00075531005859375,True
16,1789567794.369275,0.0,True
16,1789567794.4040678,0.0006382465362548828,True
16,1789567794.4382915,0.0010955333709716797,True
16,1789567794.4742372,0.0007417201995849609,True
16,1789567794.5055065,0.0,True
16,1789567794.5389352,0.0,True
16,1789567794.5605102,0.0005135536193847656,True
16,1789567794.5912516,0.0012803077697753906,True
16,1789567794.6221607,0.0005693435668945312,True
16,1789567794.656762,0.0,True
16,1789567794.6879256,0.0006096363067626953,True
16,1789567794.7228444,0.0,True
16,1789567794.7546382,0.0011322498321533203,True
16,1789567794.7881026,0.0012750625610351562,True
16,1789567794.820863,0.0013921260833740234,True
16,1789567794.8546746,0.0,True
16,1789567794.8888657,0.0006368160247802734,True
16,1789567794.9206476,0.0006580352783203125,True
16,1789567794.954919,0.0,True
16,1789567794.9880617,0.0008072853088378906,True
16,1789567795.0216,0.0010983943939208984,True
16,1789567795.0559173,0.0005428791046142578,True
16,1789567795.0905683,0.0005927085876464844,True
16,1789567795.12214,0.0,True
16,1789567795.1546407,0.0010607242584228516,True
16,1789567795.1889117,0.0005247592926025391,True
16,1789567795.2195654,0.0011677742004394531,True
16,1789567795.2545164,0.0013148784637451172,True
16,1789567795.2876287,0.0008361339569091797,True
16,1789567795.32217,0.0007579326629638672,True
16,1789567795.3548293,0.0010149478912353516,True
16,1789567795.3872795,0.0,True
16,1789567795.4191518,0.0012636184692382812,True
16,1789567795.4453452,0.0010433197021484375,True
16,1789567795.4751205,0.002328157424926758,True
16,1789567795.503862,0.0005512237548828125,True
16,1789567795.53889,0.0013051033020019531,True
16,1789567795.5724611,0.0005991458892822266,True
16,1789567795.603952,0.0005605220794677734,True
16,1789567795.6389296,0.0005738735198974609,True
16,1789567795.671513,0.0005211830139160156,True
16,1789567795.7045975,0.0007030963897705078,True
16,1789567795.7386303,0.0005214214324951172,True
16,1789567795.7708235,0.0005145072937011719,True
16,1789567795.8039086,0.0009615421295166016,True
16,1789567795.8402112,0.0010590553283691406,True
16,1789567795.871141,0.0003066062927246094,True
16,1789567795.9045641,0.0006222724914550781,True
16,1789567795.9381998,0.0011017322540283203,True
16,1789567795.971861,0.0,True
16,1789567796.0047581,0.0007317066192626953,True
16,1789567796.039215,0.0,True
16,1789567796.0691957,0.0016281604766845703,True
16,1789567796.1057258,0.0,True
16,1789567796.1386445,0.0005178451538085938,True
16,1789567796.169242,0.0016303062438964844,True
16,1789567796.2038126,0.0007889270782470703,True
16,1789567796.2391708,0.0,True
16,1789567796.2709506,0.0010859966278076172,True
16,1789567796.3035946,0.0008220672607421875,True
16,1789567796.3385231,0.00030612945556640625,True
16,1789567796.3693364,0.0013012886047363281,True
16,1789567796.4044266,0.000751495361328125,True
16,1789567796.4391317,0.0005435943603515625,True
16,1789567796.4721313,0.0006070137023925781,True
16,1789567796.503598,0.0015609264373779297,True
16,1789567796.53826,0.0005896091461181641,True
16,1789567796.570596,0.0005869865417480469,True
16,1789567796.6044626,0.0007309913635253906,True
16,1789567796.638263,0.0005846023559570312,True
16,1789567796.6728048,0.0005404949188232422,True
16,1789567796.7066405,0.002756834030151367,True
16,1789567796.7472253,0.0010380744934082031,True
16,1789567796.774134,0.0007674694061279297,True
16,1789567796.805077,0.0006074905395507812,True
16,1789567796.838771,0.0005345344543457031,True
16,1789567796.8713093,0.0006868839263916016,True
16,1789567796.903575,0.001155853271484375,True
16,1789567796.937221,0.0015895366668701172,True
16,1789567796.9705727,0.0004754066467285156,True
16,1789567797.003922,0.0003745555877685547,True
16,1789567797.0392556,0.0006549358367919922,True
16,1789567797.070825,0.0011713504791259766,True
16,1789567797.1042678,0.0005700588226318359,True
16,1789567797.1374373,0.0007240772247314453,True
16,1789567797.1484015,0.0,True
16,1789567797.169851,0.0010814666748046875,True
16,1789567797.200806,0.0007028579711914062,True
16,1789567797.2320077,0.0005776882171630859,True
16,1789567797.2447853,0.0,True
16,1789567797.2706885,0.0005939006805419922,True
16,1789567797.303696,0.0004680156707763672,True
16,1789567797.3261535,0.0,True
16,1789567797.354016,0.001032114028930664,True
16,1789567797.3874757,0.0005114078521728516,True
16,1789567797.4231365,0.00063323974609375,True
16,1789567797.4541464,0.0006480216979980469,True
16,1789567797.4877708,0.0005092620849609375,True
16,1789567797.520688,0.0008945465087890625,True
16,1789567797.5548642,0.0005080699920654297,True
16,1789567797.5879524,0.0007634162902832031,True
16,1789567797.6201768,0.0005331039428710938,True
16,1789567797.6540368,0.0,True
16,1789567797.6874413,0.0005142688751220703,True
16,1789567797.722791,0.0,True
16,1789567797.7541733,0.0,True
16,1789567797.7892525,0.0006031990051269531,True
16,1789567797.8201263,0.0004100799560546875,True
16,1789567797.8541996,0.0,True
16,1789567797.8879752,0.0005421638488769531,True
16,1789567797.9202137,0.0007836818695068359,True
16,1789567797.9541953,0.0,True
16,1789567797.9876544,0.0005228519439697266,True
16,1789567798.022459,0.0007448196411132812,True
16,1789567798.0548418,0.0005898475646972656,True
16,1789567798.0890331,0.0010552406311035156,True
16,1789567798.1214075,0.0010182857513427734,True
16,1789567798.1543763,0.0007960796356201172,True
16,1789567798.1890452,0.0005090236663818359,True
16,1789567798.2208977,0.0010190010070800781,True
16,1789567798.2380948,0.0,True
16,1789567798.2695324,0.0007700920104980469,True
16,1789567798.3045938,0.0005238056182861328,True
16,1789567798.3380942,0.00043272972106933594,True
16,1789567798.37197,0.0005068778991699219,True
16,1789567798.4038568,0.0010118484497070312,True
16,1789567798.4382977,0.0006344318389892578,True
16,1789567798.4723666,0.0005908012390136719,True
16,1789567798.5040073,0.0006375312805175781,True
16,1789567798.5381534,0.000629425048828125,True
16,1789567798.5692918,0.0010497570037841797,True
16,1789567798.6047075,0.0,True
16,1789567798.639578,0.0,True
16,1789567798.672206,0.0006136894226074219,True
16,1789567798.7047594,0.0010111331939697266,True
16,1789567798.7388892,0.0008122920989990234,True
16,1789567798.7709463,0.0005557537078857422,True
16,1789567798.8046453,0.0,True
16,1789567798.838811,0.0006275177001953125,True
16,1789567798.8723006,0.0006010532379150391,True
16,1789567798.9044013,0.0,True
16,1789567798.937603,0.0005118846893310547,True
16,1789567798.9707894,0.0007171630859375,True
16,1789567798.9715066,0.0,True
16,1789567799.0029066,0.0012905597686767578,True
16,1789567799.0029066,0.0012905597686767578,True
16,1789567799.03729,0.0007724761962890625,True
16,1789567799.0722704,0.0007607936859130859,True
16,1789567799.1039119,0.0010159015655517578,True
16,1789567799.1369152,0.0005619525909423828,True
16,1789567799.169236,0.0012502670288085938,True
16,1789567799.2028046,0.0009353160858154297,True
16,1789567799.2377658,0.001216888427734375,True
16,1789567799.2691224,0.0011186599731445312,True
16,1789567799.3038807,0.0,True
16,1789567799.3371043,0.0011305809020996094,True
16,1789567799.3704662,0.0007357597351074219,True
16,1789567799.403002,0.0009522438049316406,True
16,1789567799.4377103,0.0005295276641845703,True
16,1789567799.4694145,0.0010466575622558594,True
16,1789567799.5030224,0.0014178752899169922,True
16,1789567799.5035563,0.0008840560913085938,True
16,1789567799.5378504,0.0005075931549072266,True
16,1789567799.5690887,0.0010325908660888672,True
16,1789567799.6044254,0.0,True
16,1789567799.6388032,0.0006740093231201172,True
16,1789567799.6692846,0.0006623268127441406,True
16,1789567799.7044284,0.001013040542602539,True
16,1789567799.7382786,0.0006768703460693359,True
16,1789567799.769187,0.0012485980987548828,True
16,1789567799.8043032,0.0,True
16,1789567799.837169,0.0010395050048828125,True
16,1789567799.8718584,0.0005083084106445312,True
16,1789567799.9041417,0.0005524158477783203,True
16,1789567799.9369116,0.00040078163146972656,True
16,1789567799.970477,0.0,True
16,1789567800.0043368,0.0,True
16,1789567800.0245223,0.0005326271057128906,True
16,1789567800.0548043,0.0006649494171142578,True
16,1789567800.0892088,0.001049041748046875,True
16,1789567800.1211736,0.0,True
16,1789567800.153167,0.0009531974792480469,True
16,1789567800.1869383,0.0012445449829101562,True
16,1789567800.2223067,0.0005478858947753906,True
16,1789567800.2522802,0.0010242462158203125,True
16,1789567800.2533045,0.0005857944488525391,True
16,1789567800.2861915,0.0003864765167236328,True
16,1789567800.3201997,0.0005257129669189453,True
16,1789567800.3521678,0.0012087821960449219,True
16,1789567800.3869133,0.0004260540008544922,True
16,1789567800.4224846,0.0010192394256591797,True
16,1789567800.453385,0.000522613525390625,True
16,1789567800.488058,0.0,True
16,1789567800.5088356,0.0016613006591796875,True
16,1789567800.5367122,0.0,True
16,1789567800.569192,0.0008687973022460938,True
16,1789567800.6022196,0.0017178058624267578,True
16,1789567800.6329079,0.001239776611328125,True
16,1789567800.6693015,0.0005524158477783203,True
16,1789567800.7030883,0.0007033348083496094,True
16,1789567800.7379649,0.0005903244018554688,True
16,1789567800.7718372,0.0005183219909667969,True
16,1789567800.803974,0.0006515979766845703,True
16,1789567800.8382454,0.0005934238433837891,True
16,1789567800.8722093,0.0017838478088378906,True
16,1789567800.883327,0.004048824310302734,True
16,1789567800.9199872,0.0005247592926025391,True
16,1789567800.950974,0.0012164115905761719,True
16,1789567800.963304,0.0,True
16,1789567800.9869084,0.001256704330444336,True
16,1789567800.9881651,0.0,True
16,1789567801.020025,0.0007421970367431641,True
16,1789567801.052471,0.001089334487915039,True
16,1789567801.0878968,0.0006268024444580078,True
16,1789567801.1229312,0.0,True
16,1789567801.152193,0.001001119613647461,True
16,1789567801.186838,0.0009164810180664062,True
16,1789567801.2198756,0.0005190372467041016,True
16,1789567801.2522101,0.000988006591796875,True
16,1789567801.2531981,0.00051116943359375,True
16,1789567801.2858095,0.0012273788452148438,True
16,1789567801.320512,0.0,True
16,1789567801.35218,0.0012466907501220703,True
16,1789567801.386619,0.0,True
16,1789567801.4198966,0.0010318756103515625,True
16,1789567801.4536364,0.0007596015930175781,True
16,1789567801.4870844,0.0,True
16,1789567801.4870844,0.0,True
16,1789567801.5200331,0.0005125999450683594,True
16,1789567801.5525203,0.0014510154724121094,True
16,1789567801.58679,0.0,True
16,1789567801.6201808,0.000514984130859375,True
16,1789567801.6548767,0.0009996891021728516,True
16,1789567801.6867533,0.0,True
16,1789567801.7197602,0.0010180473327636719,True
16,1789567801.75394,0.0010170936584472656,True
16,1789567801.7889888,0.0,True
16,1789567801.8196406,0.0010111331939697266,True
16,1789567801.8520339,0.0009431838989257812,True
16,1789567801.887238,0.0010213851928710938,True
16,1789567801.9196155,0.0009586811065673828,True
16,1789567801.9524007,0.0004031658172607422,True
16,1789567801.9728131,0.0004551410675048828,True
16,1789567802.0034955,0.0007028579711914062,True
16,1789567802.0338247,0.0006062984466552734,True
16,1789567802.034431,0.0,True
16,1789567802.055521,0.0006377696990966797,True
16,1789567802.0863273,0.0006566047668457031,True
16,1789567802.1197174,0.0,True
16,1789567802.1522455,0.0010159015655517578,True
16,1789567802.1870446,0.0005240440368652344,True
16,1789567802.2198474,0.0010378360748291016,True
16,1789567802.2530506,0.0010442733764648438,True
16,1789567802.2540948,0.0,True
16,1789567802.2870467,0.000614166259765625,True
16,1789567802.3230815,0.0007417201995849609,True
16,1789567802.3529215,0.0,True
16,1789567802.3869295,0.0,True
16,1789567802.4197254,0.00101470947265625,True
16,1789567802.4519868,0.0007545948028564453,True
16,1789567802.4866657,0.0,True
16,1789567802.5192616,0.0012068748474121094,True
16,1789567802.5527282,0.0005891323089599609,True
16,1789567802.5860665,0.0006866455078125,True
16,1789567802.6213777,0.0,True
16,1789567802.65295,0.0,True
16,1789567802.68605,0.0006549358367919922,True
16,1789567802.7196975,0.0010161399841308594,True
16,1789567802.7546453,0.0,True
16,1789567802.7860978,0.0006082057952880859,True
16,1789567802.8192308,0.0011053085327148438,True
16,1789567802.8508651,0.001270294189453125,True
16,1789567802.8869288,0.0010306835174560547,True
16,1789567802.9197469,0.0008742809295654297,True
16,1789567802.9529386,0.0,True
16,1789567802.9864118,0.0005776882171630859,True
16,1789567803.0189888,0.0009565353393554688,True
16,1789567803.0527866,0.0,True
16,1789567803.0879788,0.00048470497131347656,True
16,1789567803.1195598,0.0010161399841308594,True
16,1789567803.1528518,0.0,True
16,1789567803.1859925,0.0006372928619384766,True
16,1789567803.2195249,0.0010128021240234375,True
16,1789567803.252883,0.0003001689910888672,True
16,1789567803.2531831,0.0005099773406982422,True
16,1789567803.2869983,0.001043081283569336,True
16,1789567803.3201568,0.0005247592926025391,True
16,1789567803.352801,0.0,True
16,1789567803.3855262,0.0007481575012207031,True
16,1789567803.4201155,0.0005257129669189453,True
16,1789567803.452713,0.0,True
16,1789567803.4732945,0.0012514591217041016,True
16,1789567803.5023158,0.0003819465637207031,True
16,1789567803.5037098,0.0,True
16,1789567803.5360823,0.0,True
16,1789567803.5695035,0.0,True
16,1789567803.6022573,0.0006499290466308594,True
16,1789567803.613037,0.0,True
16,1789567803.6356957,0.0005564689636230469,True
16,1789567803.669133,0.0009629726409912109,True
16,1789567803.7008448,0.0,True
16,1789567803.7359319,0.0,True
16,1789567803.7567422,0.0005385875701904297,True
16,1789567803.7878804,0.0010287761688232422,True
16,1789567803.8197005,0.0007200241088867188,True
16,1789567803.8538246,0.0006480216979980469,True
16,1789567803.8874285,0.0005216598510742188,True
16,1789567803.9180312,0.0007824897766113281,True
16,1789567803.9525728,0.0,True
16,1789567803.9868536,0.0010166168212890625,True
16,1789567804.0025866,0.0006339550018310547,True
16,1789567804.0032206,0.0005390644073486328,True
16,1789567804.0361555,0.0010118484497070312,True
16,1789567804.069934,0.0005204677581787109,True
16,1789567804.1026628,0.0,True
16,1789567804.1360483,0.00036215782165527344,True
16,1789567804.1691182,0.0,True
16,1789567804.2024913,0.0,True
16,1789567804.2361262,0.0009398460388183594,True
16,1789567804.237066,0.0,True
16,1789567804.2691104,0.0,True
16,1789567804.2691104,0.0,True
16,1789567804.3026004,0.0,True
16,1789567804.3359547,0.0010280609130859375,True
16,1789567804.3699708,0.0006396770477294922,True
16,1789567804.4023142,0.0,True
16,1789567804.4357913,0.0010151863098144531,True
16,1789567804.4701009,0.0006213188171386719,True
16,1789567804.5012333,0.0011434555053710938,True
16,1789567804.5349586,0.0008842945098876953,True
16,1789567804.5691423,0.001514434814453125,True
16,1789567804.6007767,0.0014197826385498047,True
16,1789567804.635692,0.0010287761688232422,True
16,1789567804.6690614,0.0,True
16,1789567804.7012727,0.0008800029754638672,True
16,1789567804.7358992,0.0010144710540771484,True
16,1789567804.769066,0.0,True
16,1789567804.802599,0.0003857612609863281,True
16,1789567804.8359315,0.001062154769897461,True
16,1789567804.869234,0.0017228126525878906,True
16,1789567804.9020507,0.0009191036224365234,True
16,1789567804.9337108,0.0,True
16,1789567804.9691167,0.0010173320770263672,True
16,1789567805.0037153,0.0007524490356445312,True
16,1789567805.035835,0.0010287761688232422,True
16,1789567805.0690253,0.0,True
16,1789567805.091432,0.0012748241424560547,True
16,1789567805.1196132,0.0010128021240234375,True
16,1789567805.1524677,0.00044083595275878906,True
16,1789567805.1867085,0.0,True
16,1789567805.2191148,0.0,True
16,1789567805.2523942,0.0006198883056640625,True
16,1789567805.253014,0.0010216236114501953,True
16,1789567805.2860863,0.0,True
16,1789567805.3172207,0.0,True
16,1789567805.3523912,0.0,True
16,1789567805.3857863,0.0003368854522705078,True
16,1789567805.419063,0.0,True
16,1789567805.451021,0.0012025833129882812,True
16,1789567805.4861743,0.0,True
16,1789567805.518851,0.0006449222564697266,True
16,1789567805.5523996,0.0005900859832763672,True
16,1789567805.5856612,0.0010526180267333984,True
16,1789567805.6190703,0.0,True
16,1789567805.650216,0.0006573200225830078,True
16,1789567805.6856642,0.00106048583984375,True
16,1789567805.7194638,0.0,True
16,1789567805.7519827,0.0,True
16,1789567805.7838664,0.0016112327575683594,True
16,1789567805.7854776,0.00101470947265625,True
16,1789567805.8187172,0.0005118846893310547,True
16,1789567805.8505988,0.0,True
16,1789567805.886063,0.0,True
16,1789567805.9188206,0.00031447410583496094,True
16,1789567805.9510715,0.0007405281066894531,True
16,1789567805.9838145,0.006215333938598633,True
16,1789567805.9900298,0.0,True
16,1789567806.0185292,0.0005135536193847656,True
16,1789567806.052469,0.0007951259613037109,True
16,1789567806.0870616,0.0009982585906982422,True
16,1789567806.1168594,0.0005860328674316406,True
16,1789567806.1512923,0.0008447170257568359,True
16,1789567806.1838083,0.0,True
16,1789567806.2161694,0.0005850791931152344,True
16,1789567806.2520754,0.0006203651428222656,True
16,1789567806.2526958,0.0010259151458740234,True
16,1789567806.2867405,0.0,True
16,1789567806.3186376,0.0005142688751220703,True
16,1789567806.3539345,0.0007762908935546875,True
16,1789567806.3855247,0.0005939006805419922,True
16,1789567806.419158,0.0,True
16,1789567806.4508483,0.0006515979766845703,True
16,1789567806.485314,0.0003020763397216797,True
16,1789567806.5183668,0.0,True
16,1789567806.5183668,0.0,True
16,1789567806.5522447,0.0,True
16,1789567806.583931,0.0,True
16,1789567806.619266,0.0,True
16,1789567806.6539247,0.000759124755859375,True
16,1789567806.6859045,0.0,True
16,1789567806.716258,0.0013384819030761719,True
16,1789567806.7378953,0.0012819766998291016,True
16,1789567806.7714214,0.0,True
16,1789567806.801654,0.0007462501525878906,True
16,1789567806.8329868,0.0007429122924804688,True
16,1789567806.8689578,0.0,True
16,1789567806.9014757,0.0007779598236083984,True
16,1789567806.9334195,0.0008339881896972656,True
16,1789567806.9683006,0.0010254383087158203,True
16,1789567807.003077,0.0007548332214355469,True
16,1789567807.0353837,0.0010142326354980469,True
16,1789567807.0705116,0.0005605220794677734,True
16,1789567807.101715,0.0006167888641357422,True
16,1789567807.134729,0.0005822181701660156,True
16,1789567807.1680307,0.0,True
16,1789567807.2040505,0.0011112689971923828,True
16,1789567807.236615,0.0,True
16,1789567807.2687175,0.0008938312530517578,True
16,1789567807.3016229,0.0007243156433105469,True
16,1789567807.333368,0.0007786750793457031,True
16,1789567807.3694763,0.0,True
16,1789567807.4009163,0.001132965087890625,True
16,1789567807.4352803,0.0006051063537597656,True
16,1789567807.4697363,0.0010161399841308594,True
16,1789567807.500957,0.0010228157043457031,True
16,1789567807.52403,0.0,True
16,1789567807.5516214,0.0005245208740234375,True
16,1789567807.585283,0.0,True
16,1789567807.6184464,0.001066446304321289,True
16,1789567807.6522782,0.0005807876586914062,True
16,1789567807.684803,0.0005650520324707031,True
16,1789567807.719029,0.0,True
16,1789567807.754474,0.0,True
16,1789567807.7870553,0.0006499290466308594,True
16,1789567807.8173642,0.0005867481231689453,True
16,1789567807.8517406,0.0005321502685546875,True
16,1789567807.8836188,0.0010645389556884766,True
16,1789567807.9172928,0.001065969467163086,True
16,1789567807.9515657,0.0008087158203125,True
16,1789567807.985086,0.0,True
16,1789567808.0184627,0.0008428096771240234,True
16,1789567808.054225,0.0,True
16,1789567808.0857425,0.0,True
16,1789567808.1188917,0.0005247592926025391,True
16,1789567808.1510162,0.0012359619140625,True
16,1789567808.183391,0.0013802051544189453,True
16,1789567808.2184331,0.0010089874267578125,True
16,1789567808.2514215,0.0010929107666015625,True
16,1789567808.2835922,0.0013229846954345703,True
16,1789567808.2849152,0.0010230541229248047,True
16,1789567808.3182356,0.0,True
16,1789567808.3544974,0.0005247592926025391,True
16,1789567808.3844042,0.0006830692291259766,True
16,1789567808.4184186,0.001062631607055664,True
16,1789567808.452933,0.0,True
16,1789567808.4862766,0.0,True
16,1789567808.5179474,0.01616048812866211,True
16,1789567808.534108,0.0015904903411865234,True
16,1789567808.5680873,0.0,True
16,1789567808.601358,0.0010175704956054688,True
16,1789567808.6344047,0.0014386177062988281,True
16,1789567808.668319,0.0010590553283691406,True
16,1789567808.7000825,0.0011513233184814453,True
16,1789567808.7341235,0.0006785392761230469,True
16,1789567808.7678316,0.0011272430419921875,True
16,1789567808.7689588,0.0,True
16,1789567808.8010552,0.0009789466857910156,True
16,1789567808.8348205,0.0011518001556396484,True
16,1789567808.868268,0.0010161399841308594,True
16,1789567808.9015749,0.0005404949188232422,True
16,1789567808.933999,0.0005333423614501953,True
16,1789567808.966931,0.0005772113800048828,True
16,1789567808.9876797,0.0005087852478027344,True
16,1789567809.0198648,0.0005781650543212891,True
16,1789567809.055397,0.00038123130798339844,True
16,1789567809.0857127,0.00092315673828125,True
16,1789567809.1186683,0.0005245208740234375,True
16,1789567809.1498735,0.0011973381042480469,True
16,1789567809.1821554,0.0011949539184570312,True
16,1789567809.2186232,0.0005192756652832031,True
16,1789567809.2506452,0.0005052089691162109,True
16,1789567809.2836335,0.0013091564178466797,True
16,1789567809.2849426,0.0,True
16,1789567809.3185492,0.000537872314453125,True
16,1789567809.352463,0.0008425712585449219,True
16,1789567809.3847473,0.00045108795166015625,True
16,1789567809.4192412,0.0,True
16,1789567809.4542642,0.0005140304565429688,True
16,1789567809.4852724,0.0,True
16,1789567809.5180216,0.0,True
16,1789567809.5514247,0.0004763603210449219,True
16,1789567809.583266,0.0007376670837402344,True
16,1789567809.6187646,0.0005321502685546875,True
16,1789567809.6498659,0.0012314319610595703,True
16,1789567809.6837585,0.0008244514465332031,True
16,1789567809.7187467,0.0005342960357666016,True
16,1789567809.7483983,0.000774383544921875,True
16,1789567809.7832916,0.0011501312255859375,True
16,1789567809.7844417,0.0,True
16,1789567809.8185127,0.0005922317504882812,True
16,1789567809.8511617,0.001344442367553711,True
16,1789567809.8832517,0.0010905265808105469,True
16,1789567809.9181545,0.0,True
16,1789567809.9509676,0.0007622241973876953,True
16,1789567809.9830115,0.0012941360473632812,True
16,1789567810.0189161,0.00051116943359375,True
16,1789567810.0189161,0.00051116943359375,True
16,1789567810.0519512,0.0006196498870849609,True
16,1789567810.0842927,0.0,True
16,1789567810.1184971,0.001065969467163086,True
16,1789567810.15109,0.0009298324584960938,True
16,1789567810.1829376,0.0012598037719726562,True
16,1789567810.2187562,0.0005614757537841797,True
16,1789567810.2507503,0.0,True
16,1789567810.2828925,0.0017383098602294922,True
16,1789567810.2846308,0.0,True
16,1789567810.318768,0.0005609989166259766,True
16,1789567810.3507564,0.0007600784301757812,True
16,1789567810.383224,0.0007183551788330078,True
16,1789567810.4184334,0.0,True
16,1789567810.450913,0.0007612705230712891,True
16,1789567810.4849467,0.0006482601165771484,True
16,1789567810.517045,0.0006346702575683594,True
16,1789567810.5512483,0.00030875205993652344,True
16,1789567810.5831535,0.0007405281066894531,True
16,1789567810.6184988,0.0005238056182861328,True
16,1789567810.6485612,0.0007359981536865234,True
16,1789567810.6801155,0.0006427764892578125,True
16,1789567810.7133145,0.0007717609405517578,True
16,1789567810.7376974,0.0005116462707519531,True
16,1789567810.7610579,0.0,True
16,1789567810.7848516,0.0005857944488525391,True
16,1789567810.8167868,0.0008449554443359375,True
16,1789567810.8491518,0.0,True
16,1789567810.870483,0.0005676746368408203,True
16,1789567810.9002626,0.0009882450103759766,True
16,1789567810.9355445,0.0,True
16,1789567810.96711,0.00039076805114746094,True
16,1789567811.0009751,0.0008251667022705078,True
16,1789567811.0037384,0.006145477294921875,True
16,1789567811.0339453,0.0,True
16,1789567811.0339453,0.0,True
16,1789567811.068469,0.0005066394805908203,True
16,1789567811.1007671,0.0006659030914306641,True
16,1789567811.1339476,0.000518798828125,True
16,1789567811.1673703,0.0,True
16,1789567811.2012763,0.0005102157592773438,True
16,1789567811.2335162,0.0008833408355712891,True
16,1789567811.267711,0.0,True
16,1789567811.2999272,0.0010652542114257812,True
16,1789567811.3340983,0.0009453296661376953,True
16,1789567811.3678102,0.0,True
16,1789567811.4004748,0.0006556510925292969,True
16,1789567811.433902,0.0,True
16,1789567811.4681256,0.0,True
16,1789567811.4830594,0.0,True
16,1789567811.5160418,0.0006918907165527344,True
16,1789567811.5512216,0.0010268688201904297,True
16,1789567811.575284,0.004570484161376953,True
16,1789567811.603371,0.0005075931549072266,True
16,1789567811.6346133,0.0005283355712890625,True
16,1789567811.6676166,0.0,True
16,1789567811.6984208,0.0007169246673583984,True
16,1789567811.72033,0.0007350444793701172,True
16,1789567811.7521856,0.0006003379821777344,True
16,1789567811.752786,0.0010139942169189453,True
16,1789567811.7862673,0.0005741119384765625,True
16,1789567811.803855,0.0,True
16,1789567811.8318624,0.0006234645843505859,True
16,1789567811.8680253,0.0,True
16,1789567811.8996856,0.001096487045288086,True
16,1789567811.9320498,0.0011136531829833984,True
16,1789567811.9670382,0.0,True
16,1789567812.000842,0.0008473396301269531,True
16,1789567812.0330548,0.0008025169372558594,True
16,1789567812.0671964,0.0010135173797607422,True
16,1789567812.1020856,0.0005104541778564453,True
16,1789567812.133334,0.0004036426544189453,True
16,1789567812.1639895,0.0,True
16,1789567812.1861174,0.0,True
16,1789567812.217144,0.0010178089141845703,True
16,1789567812.2485044,0.0,True
16,1789567812.2837706,0.0003235340118408203,True
16,1789567812.284094,0.0,True
16,1789567812.3182182,0.0,True
16,1789567812.350523,0.0005242824554443359,True
16,1789567812.3836255,0.0008535385131835938,True
16,1789567812.417195,0.000997304916381836,True
16,1789567812.4484093,0.0,True
16,1789567812.4801402,0.0,True
16,1789567812.5002382,0.0006897449493408203,True
16,1789567812.5336242,0.0,True
16,1789567812.5666456,0.0012793540954589844,True
16,1789567812.6009777,0.0020656585693359375,True
16,1789567812.6347415,0.0009815692901611328,True
16,1789567812.6679256,0.0,True
16,1789567812.7023454,0.0,True
16,1789567812.733696,0.0,True
16,1789567812.7681777,0.0,True
16,1789567812.7982645,0.0,True
16,1789567812.832024,0.0009064674377441406,True
16,1789567812.8679378,0.0,True
16,1789567812.8998792,0.0005235671997070312,True
16,1789567812.9162502,0.0011494159698486328,True
16,1789567812.9505205,0.00036835670471191406,True
16,1789567812.9673645,0.0,True
16,1789567813.0004969,0.0008866786956787109,True
16,1789567813.033456,0.0007665157318115234,True
16,1789567813.0342226,0.0008876323699951172,True
16,1789567813.0669641,0.0010104179382324219,True
16,1789567813.100272,0.0005166530609130859,True
16,1789567813.1190908,0.0015213489532470703,True
16,1789567813.1484227,0.0,True
16,1789567813.1795328,0.0,True
16,1789567813.2024105,0.0,True
16,1789567813.2336922,0.0004475116729736328,True
16,1789567813.2625015,0.0007801055908203125,True
16,1789567813.2991962,0.0008997917175292969,True
16,1789567813.300096,0.0010116100311279297,True
16,1789567813.3346665,0.0,True
16,1789567813.3630004,0.0,True
16,1789567813.3840034,0.0,True
16,1789567813.4170616,0.0,True
16,1789567813.4485917,0.0012326240539550781,True
16,1789567813.4820402,0.0016984939575195312,True
16,1789567813.5157993,0.0008530616760253906,True
16,1789567813.5256438,0.0005257129669189453,True
16,1789567813.5485282,0.0011906623840332031,True
16,1789567813.5497189,0.0005042552947998047,True
16,1789567813.58206,0.0011403560638427734,True
16,1789567813.61798,0.0,True
16,1789567813.652184,0.0,True
16,1789567813.684017,0.0,True
16,1789567813.7167792,0.0006806850433349609,True
16,1789567813.737718,0.0007505416870117188,True
16,1789567813.770118,0.0005197525024414062,True
16,1789567813.8006778,0.0,True
16,1789567813.832775,0.0005369186401367188,True
16,1789567813.8533463,0.0005090236663818359,True
16,1789567813.884023,0.0,True
16,1789567813.9156718,0.001247406005859375,True
16,1789567813.948326,0.0006964206695556641,True
16,1789567813.9835012,0.001016855239868164,True
16,1789567814.0158875,0.0006690025329589844,True
16,1789567814.050665,0.0004506111145019531,True
16,1789567814.0840588,0.00101470947265625,True
16,1789567814.117536,0.000728607177734375,True
16,1789567814.148548,0.0013682842254638672,True
16,1789567814.1833138,0.0005557537078857422,True
16,1789567814.2193954,0.0013129711151123047,True
16,1789567814.2503936,0.000507354736328125,True
16,1789567814.2824588,0.0009315013885498047,True
16,1789567814.316867,0.0011963844299316406,True
16,1789567814.3500133,0.0008847713470458984,True
16,1789567814.3828104,0.0004329681396484375,True
16,1789567814.4168649,0.0006916522979736328,True
16,1789567814.448544,0.0011959075927734375,True
16,1789567814.4828684,0.0008997917175292969,True
16,1789567814.5158896,0.00115203857421875,True
16,1789567814.5391564,0.0012502670288085938,True
16,1789567814.5663047,0.0010120868682861328,True
16,1789567814.6006684,0.0006623268127441406,True
16,1789567814.6353946,0.0017366409301757812,True
16,1789567814.6607378,0.0,True
16,1789567814.683473,0.0,True
16,1789567814.7173488,0.0,True
16,1789567814.752598,0.0005273818969726562,True
16,1789567814.7536447,0.0005230903625488281,True
16,1789567814.783393,0.0007412433624267578,True
16,1789567814.7841341,0.0010187625885009766,True
16,1789567814.8165197,0.0,True
16,1789567814.8491957,0.001039266586303711,True
16,1789567814.8837729,0.0,True
16,1789567814.916529,0.0005686283111572266,True
16,1789567814.9484339,0.0019545555114746094,True
16,1789567814.9843822,0.0010464191436767578,True
16,1789567815.0176203,0.0,True
16,1789567815.0511107,0.0,True
16,1789567815.0833225,0.0010178089141845703,True
16,1789567815.1175623,0.0,True
16,1789567815.1486409,0.0009808540344238281,True
16,1789567815.182136,0.0015439987182617188,True
16,1789567815.2176332,0.0015683174133300781,True
16,1789567815.2504954,0.0005075931549072266,True
16,1789567815.281907,0.0010352134704589844,True
16,1789567815.3165863,0.0010135173797607422,True
16,1789567815.3505173,0.0011243820190429688,True
16,1789567815.3884923,0.0007693767547607422,True
16,1789567815.4165792,0.0007336139678955078,True
16,1789567815.4516723,0.0011136531829833984,True
16,1789567815.481725,0.0007078647613525391,True
16,1789567815.5150726,0.0007326602935791016,True
16,1789567815.5369546,0.0,True
16,1789567815.5663521,0.0,True
16,1789567815.599859,0.0010471343994140625,True
16,1789567815.6327522,0.0013115406036376953,True
16,1789567815.655131,0.0005147457122802734,True
16,1789567815.6861966,0.0006234645843505859,True
16,1789567815.7175303,0.0007252693176269531,True
16,1789567815.7516828,0.0005476474761962891,True
16,1789567815.7858503,0.0007066726684570312,True
16,1789567815.8170934,0.0005967617034912109,True
16,1789567815.851611,0.0005509853363037109,True
16,1789567815.882212,0.0009281635284423828,True
16,1789567815.9155796,0.0006768703460693359,True
16,1789567815.94909,0.001123189926147461,True
16,1789567815.9842625,0.0004944801330566406,True
16,1789567816.0164478,0.00112152099609375,True
16,1789567816.0506706,0.0006229877471923828,True
16,1789567816.0815523,0.0010559558868408203,True
16,1789567816.116704,0.0,True
16,1789567816.1496644,0.0010044574737548828,True
16,1789567816.1821043,0.0010879039764404297,True
16,1789567816.2184668,0.0014653205871582031,True
16,1789567816.250299,0.0005116462707519531,True
16,1789567816.2739005,0.0005133152008056641,True
16,1789567816.2985885,0.0005772113800048828,True
16,1789567816.3207803,0.0,True
16,1789567816.3505788,0.001856088638305664,True
16,1789567816.3835373,0.000732421875,True
16,1789567816.416043,0.0007779598236083984,True
16,1789567816.4531295,0.0005283355712890625,True
16,1789567816.48336,0.0005331039428710938,True
16,1789567816.515142,0.0007829666137695312,True
16,1789567816.5392492,0.0012471675872802734,True
16,1789567816.5651345,0.0006434917449951172,True
16,1789567816.565778,0.0011129379272460938,True
16,1789567816.6011481,0.0012700557708740234,True
16,1789567816.6344147,0.0007102489471435547,True
16,1789567816.6662614,0.0006983280181884766,True
16,1789567816.7011788,0.0013685226440429688,True
16,1789567816.7325203,0.0010724067687988281,True
16,1789567816.7569602,0.0005104541778564453,True
16,1789567816.785288,0.0006661415100097656,True
16,1789567816.8161128,0.0,True
16,1789567816.848503,0.0007359981536865234,True
16,1789567816.8819835,0.0006551742553710938,True
16,1789567816.9159522,0.00040531158447265625,True
16,1789567816.9487038,0.0007188320159912109,True
16,1789567816.9832478,0.0,True
16,1789567817.0169938,0.0,True
16,1789567817.049759,0.0005786418914794922,True
16,1789567817.0824244,0.0005397796630859375,True
16,1789567817.116812,0.0,True
16,1789567817.148577,0.0010519027709960938,True
16,1789567817.1838841,0.0,True
16,1789567817.2170775,0.0,True
16,1789567817.2485101,0.000652313232421875,True
16,1789567817.2823484,0.0,True
16,1789567817.2991781,0.001116037368774414,True
16,1789567817.3008015,0.00038814544677734375,True
16,1789567817.33183,0.0005388259887695312,True
16,1789567817.3653555,0.0,True
16,1789567817.3991554,0.0010042190551757812,True
16,1789567817.4346101,0.0007679462432861328,True
16,1789567817.4660292,0.0010118484497070312,True
16,1789567817.499103,0.0003352165222167969,True
16,1789567817.533037,0.0005826950073242188,True
16,1789567817.5650997,0.0007228851318359375,True
16,1789567817.5658226,0.0010182857513427734,True
16,1789567817.5992277,0.0,True
16,1789567817.6326015,0.0005140304565429688,True
16,1789567817.6668332,0.0,True
16,1789567817.6990476,0.0,True
16,1789567817.7342718,0.0006649494171142578,True
16,1789567817.765802,0.0007293224334716797,True
16,1789567817.7993507,0.0,True
16,1789567817.8317723,0.0005192756652832031,True
16,1789567817.8677473,0.0006017684936523438,True
16,1789567817.898155,0.0009665489196777344,True
16,1789567817.931,0.0005047321319580078,True
16,1789567817.9655652,0.0011191368103027344,True
16,1789567817.99898,0.0009775161743164062,True
16,1789567818.0332448,0.001577615737915039,True
16,1789567818.0348225,0.0011150836944580078,True
16,1789567818.0657783,0.0007548332214355469,True
16,1789567818.100106,0.0009887218475341797,True
16,1789567818.131847,0.000873565673828125,True
16,1789567818.1657307,0.0,True
16,1789567818.1997924,0.0010199546813964844,True
16,1789567818.2333672,0.000560760498046875,True
16,1789567818.2633693,0.000659942626953125,True
16,1789567818.2972786,0.0010540485382080078,True
16,1789567818.3329885,0.0012340545654296875,True
16,1789567818.3642914,0.0011234283447265625,True
16,1789567818.3989272,0.0015113353729248047,True
16,1789567818.429943,0.0,True
16,1789567818.4520273,0.010730981826782227,True
16,1789567818.4627583,0.0,True
16,1789567818.482997,0.0006163120269775391,True
16,1789567818.5158398,0.00033211708068847656,True
16,1789567818.548896,0.0,True
16,1789567818.580264,0.0,True
16,1789567818.613189,0.0,True
16,1789567818.6344156,0.0,True
16,1789567818.6676702,0.0008323192596435547,True
16,1789567818.698374,0.0004372596740722656,True
16,1789567818.7342422,0.0,True
16,1789567818.766841,0.000986337661743164,True
16,1789567818.7985623,0.0007162094116210938,True
16,1789567818.8310058,0.0010371208190917969,True
16,1789567818.8310058,0.0010371208190917969,True
16,1789567818.8629656,0.0005102157592773438,True
16,1789567818.8974369,0.0010066032409667969,True
16,1789567818.9318743,0.00042748451232910156,True
16,1789567818.964562,0.000789642333984375,True
16,1789567818.998387,0.0008921623229980469,True
16,1789567819.0330467,0.0010330677032470703,True
16,1789567819.0340798,0.0,True
16,1789567819.0661836,0.0,True
16,1789567819.0996985,0.0010006427764892578,True
16,1789567819.1326203,0.00051116943359375,True
16,1789567819.164311,0.002056598663330078,True
16,1789567819.188579,0.0005142688751220703,True
16,1789567819.218445,0.0005915164947509766,True
16,1789567819.2488654,0.0,True
16,1789567819.268939,0.0,True
16,1789567819.2978435,0.0005128383636474609,True
16,1789567819.3321657,0.0010116100311279297,True
16,1789567819.3654184,0.0010101795196533203,True
16,1789567819.3986027,0.0,True
16,1789567819.4339232,0.0007467269897460938,True
16,1789567819.4663925,0.000997781753540039,True
16,1789567819.498408,0.0005974769592285156,True
16,1789567819.533604,0.0,True
16,1789567819.5640264,0.0010418891906738281,True
16,1789567819.598247,0.00040030479431152344,True
16,1789567819.620778,0.001565694808959961,True
16,1789567819.6523902,0.001641988754272461,True
16,1789567819.6830823,0.0006947517395019531,True
16,1789567819.7150013,0.0010182857513427734,True
16,1789567819.7484148,0.001232147216796875,True
16,1789567819.783174,0.0006988048553466797,True
16,1789567819.8151217,0.0,True
16,1789567819.8487043,0.0,True
16,1789567819.8817475,0.0006144046783447266,True
16,1789567819.9152408,0.0010104179382324219,True
16,1789567819.948745,0.0003800392150878906,True
16,1789567819.9819171,0.0010144710540771484,True
16,1789567820.0158756,0.0010814666748046875,True
16,1789567820.0384707,0.0019893646240234375,True
16,1789567820.0651605,0.001028299331665039,True
16,1789567820.0661888,0.0,True
16,1789567820.0982726,0.0012426376342773438,True
16,1789567820.1318429,0.00032901763916015625,True
16,1789567820.1645093,0.0005176067352294922,True
16,1789567820.198498,0.0012981891632080078,True
16,1789567820.236412,0.0028524398803710938,True
16,1789567820.2392645,0.0011975765228271484,True
16,1789567820.2628298,0.0005929470062255859,True
16,1789567820.2966146,0.0016794204711914062,True
16,1789567820.3328605,0.0005526542663574219,True
16,1789567820.366225,0.0009837150573730469,True
16,1789567820.3880427,0.0013470649719238281,True
16,1789567820.415273,0.0010144710540771484,True
16,1789567820.44833,0.0012743473052978516,True
16,1789567820.482943,0.0005345344543457031,True
16,1789567820.5134814,0.0012269020080566406,True
16,1789567820.5475304,0.001392364501953125,True
16,1789567820.580214,0.0,True
16,1789567820.6127734,0.0005869865417480469,True
16,1789567820.6476314,0.0010333061218261719,True
16,1789567820.6710324,0.001031637191772461,True
16,1789567820.7005687,0.0015399456024169922,True
16,1789567820.7346308,0.0009770393371582031,True
16,1789567820.7661824,0.001989603042602539,True
16,1789567820.798692,0.0,True
16,1789567820.8194785,0.0,True
16,1789567820.8505406,0.0005278587341308594,True
16,1789567820.8751438,0.002026081085205078,True
16,1789567820.8982313,0.0,True
16,1789567820.9302084,0.0,True
16,1789567820.963427,0.0015408992767333984,True
16,1789567820.9993591,0.0007722377777099609,True
16,1789567821.0331516,0.0007143020629882812,True
16,1789567821.0666301,0.0005457401275634766,True
16,1789567821.1010714,0.0005822181701660156,True
16,1789567821.1311452,0.0009090900421142578,True
16,1789567821.1637614,0.0008704662322998047,True
16,1789567821.1989205,0.0003235340118408203,True
16,1789567821.2320814,0.0010304450988769531,True
16,1789567821.2640233,0.0010366439819335938,True
16,1789567821.2963026,0.0007126331329345703,True
16,1789567821.317341,0.0,True
16,1789567821.3490605,0.0,True
16,1789567821.3827102,0.0007002353668212891,True
16,1789567821.4128058,0.0013051033020019531,True
16,1789567821.4471967,0.0005557537078857422,True
16,1789567821.4794016,0.0011930465698242188,True
16,1789567821.5126724,0.0006930828094482422,True
16,1789567821.5482836,0.0,True
16,1789567821.5829356,0.001554727554321289,True
16,1789567821.6142762,0.000431060791015625,True
16,1789567821.6489718,0.0,True
16,1789567821.6835682,0.0010166168212890625,True
16,1789567821.7143178,0.0007634162902832031,True
16,1789567821.7331586,0.00036406517028808594,True
16,1789567821.7634115,0.0,True
16,1789567821.7993546,0.0,True
16,1789567821.8291454,0.0006425380706787109,True
16,1789567821.8625233,0.0008563995361328125,True
16,1789567821.8965268,0.0011591911315917969,True
16,1789567821.9309678,0.0009868144989013672,True
16,1789567821.9633355,0.0012302398681640625,True
16,1789567821.9980671,0.0005242824554443359,True
16,1789567822.0330458,0.0,True
16,1789567822.0664668,0.0,True
24,1789567844.5603442,0.011949777603149414,True
24,1789567844.574374,0.01385807991027832,True
24,1789567844.588232,0.006684541702270508,True
24,1789567844.6280303,0.004095315933227539,True
24,1789567844.6596708,0.0033347606658935547,True
24,1789567844.690307,0.000606536865234375,True
24,1789567844.722204,0.0006096363067626953,True
24,1789567844.7433116,0.0005071163177490234,True
24,1789567844.7769084,0.0,True
24,1789567844.808522,0.0006031990051269531,True
24,1789567844.8428223,0.0005807876586914062,True
24,1789567844.8751266,0.0010077953338623047,True
24,1789567844.9085872,0.0007207393646240234,True
24,1789567844.909308,0.0010082721710205078,True
24,1789567844.940724,0.0009133815765380859,True
24,1789567844.9749696,0.0,True
24,1789567845.009727,0.0008890628814697266,True
24,1789567845.0402079,0.000720977783203125,True
24,1789567845.0749595,0.0010089874267578125,True
24,1789567845.10795,0.0014336109161376953,True
24,1789567845.140246,0.0007021427154541016,True
24,1789567845.1747313,0.0007121562957763672,True
24,1789567845.1747313,0.0007121562957763672,True
24,1789567845.2096684,0.0007233619689941406,True
24,1789567845.2410107,0.0013916492462158203,True
24,1789567845.2751856,0.0,True
24,1789567845.3073587,0.0008864402770996094,True
24,1789567845.3423607,0.0006508827209472656,True
24,1789567845.3747694,0.0005087852478027344,True
24,1789567845.408294,0.0006253719329833984,True
24,1789567845.4403088,0.0017826557159423828,True
24,1789567845.4754822,0.0,True
24,1789567845.5083919,0.0006625652313232422,True
24,1789567845.5399597,0.0008690357208251953,True
24,1789567845.575292,0.0010120868682861328,True
24,1789567845.6109996,0.0015163421630859375,True
24,1789567845.6130238,0.0005116462707519531,True
24,1789567845.6427755,0.0007801055908203125,True
24,1789567845.6435556,0.0010073184967041016,True
24,1789567845.675627,0.0010101795196533203,True
24,1789567845.7083669,0.0005803108215332031,True
24,1789567845.7291133,0.001089334487915039,True
24,1789567845.7598865,0.0006096363067626953,True
24,1789567845.7922575,0.0005166530609130859,True
24,1789567845.8242154,0.0005543231964111328,True
24,1789567845.8589535,0.0006833076477050781,True
24,1789567845.8912082,0.0,True
24,1789567845.924368,0.0009722709655761719,True
24,1789567845.9253402,0.0,True
24,1789567845.958177,0.000980377197265625,True
24,1789567845.9908786,0.0005528926849365234,True
24,1789567846.0243886,0.0009682178497314453,True
24,1789567846.0594463,0.0008792877197265625,True
24,1789567846.0949116,0.0,True
24,1789567846.1292763,0.0007543563842773438,True
24,1789567846.1570444,0.001050710678100586,True
24,1789567846.192648,0.0007414817810058594,True
24,1789567846.224061,0.0006871223449707031,True
24,1789567846.2581797,0.0006382465362548828,True
24,1789567846.2912467,0.0005388259887695312,True
24,1789567846.3241177,0.0011293888092041016,True
24,1789567846.3593538,0.0007567405700683594,True
24,1789567846.3930752,0.0005142688751220703,True
24,1789567846.3935895,0.0,True
24,1789567846.4248393,0.0005180835723876953,True
24,1789567846.4253573,0.0010080337524414062,True
24,1789567846.4594624,0.0008363723754882812,True
24,1789567846.490743,0.0009255409240722656,True
24,1789567846.5244792,0.0007979869842529297,True
24,1789567846.5572453,0.0007035732269287109,True
24,1789567846.5939035,0.0003266334533691406,True
24,1789567846.6246302,0.0006906986236572266,True
24,1789567846.658102,0.0010895729064941406,True
24,1789567846.6591916,0.0,True
24,1789567846.693547,0.0010061264038085938,True
24,1789567846.726109,0.0006403923034667969,True
24,1789567846.7572725,0.0008072853088378906,True
24,1789567846.7934582,0.0009148120880126953,True
24,1789567846.8246377,0.001524209976196289,True
24,1789567846.8580647,0.0006780624389648438,True
24,1789567846.8929136,0.00032520294189453125,True
24,1789567846.9243572,0.0006086826324462891,True
24,1789567846.9249659,0.001010894775390625,True
24,1789567846.9579842,0.0009388923645019531,True
24,1789567846.9913616,0.0,True
24,1789567847.0255058,0.0006325244903564453,True
24,1789567847.0577655,0.0005469322204589844,True
24,1789567847.091947,0.0005121231079101562,True
24,1789567847.1250665,0.0006601810455322266,True
24,1789567847.157678,0.0007126331329345703,True
24,1789567847.1910522,0.0,True
24,1789567847.2245371,0.0007195472717285156,True
24,1789567847.2579734,0.0005002021789550781,True
24,1789567847.2918909,0.0,True
24,1789567847.3243976,0.0011343955993652344,True
24,1789567847.358553,0.0011153221130371094,True
24,1789567847.3912122,0.0,True
24,1789567847.4246106,0.0005095005035400391,True
24,1789567847.42512,0.0,True
24,1789567847.4589188,0.0009930133819580078,True
24,1789567847.490942,0.0007574558258056641,True
24,1789567847.524481,0.0005879402160644531,True
24,1789567847.5455341,0.0011649131774902344,True
24,1789567847.5770676,0.0006811618804931641,True
24,1789567847.6109002,0.001529693603515625,True
24,1789567847.6252646,0.0005817413330078125,True
24,1789567847.659051,0.0007517337799072266,True
24,1789567847.6910343,0.0,True
24,1789567847.7249038,0.0007712841033935547,True
24,1789567847.7460423,0.0005099773406982422,True
24,1789567847.779247,0.0007879734039306641,True
24,1789567847.809304,0.0014383792877197266,True
24,1789567847.8404582,0.0010676383972167969,True
24,1789567847.8724413,0.0007197856903076172,True
24,1789567847.9069366,0.0019307136535644531,True
24,1789567847.933751,0.0007812976837158203,True
24,1789567847.960306,0.0,True
24,1789567847.9917138,0.0009458065032958984,True
24,1789567848.0246923,0.001043558120727539,True
24,1789567848.0470333,0.0005440711975097656,True
24,1789567848.073089,0.0016396045684814453,True
24,1789567848.1099207,0.0005881786346435547,True
24,1789567848.142987,0.0013179779052734375,True
24,1789567848.158167,0.0006074905395507812,True
24,1789567848.1931188,0.0005736351013183594,True
24,1789567848.2243702,0.0011777877807617188,True
24,1789567848.2572942,0.0007331371307373047,True
24,1789567848.2781134,0.0,True
24,1789567848.3102467,0.0011432170867919922,True
24,1789567848.342048,0.0005972385406494141,True
24,1789567848.3743918,0.0007619857788085938,True
24,1789567848.4067984,0.000728607177734375,True
24,1789567848.4408958,0.000560760498046875,True
24,1789567848.4623103,0.0011622905731201172,True
24,1789567848.494076,0.0,True
24,1789567848.5258482,0.0007045269012451172,True
24,1789567848.5570066,0.0007627010345458984,True
24,1789567848.5782254,0.0,True
24,1789567848.6094966,0.0012323856353759766,True
24,1789567848.642767,0.0006232261657714844,True
24,1789567848.6433902,0.000583648681640625,True
24,1789567848.6746128,0.0010313987731933594,True
24,1789567848.7101767,0.0005767345428466797,True
24,1789567848.7412534,0.0006463527679443359,True
24,1789567848.7745426,0.0005240440368652344,True
24,1789567848.80914,0.0,True
24,1789567848.843596,0.0015337467193603516,True
24,1789567848.875836,0.0,True
24,1789567848.9079084,0.0005745887756347656,True
24,1789567848.942268,0.0012590885162353516,True
24,1789567848.9755573,0.000652313232421875,True
24,1789567849.0088122,0.0,True
24,1789567849.0429802,0.0005056858062744141,True
24,1789567849.075211,0.0015599727630615234,True
24,1789567849.1094816,0.0005314350128173828,True
24,1789567849.1395926,0.0012352466583251953,True
24,1789567849.1757913,0.0007731914520263672,True
24,1789567849.2099547,0.0005834102630615234,True
24,1789567849.2413604,0.0006456375122070312,True
24,1789567849.2754726,0.0009846687316894531,True
24,1789567849.308899,0.0017511844635009766,True
24,1789567849.3416243,0.0007104873657226562,True
24,1789567849.3742537,0.0010416507720947266,True
24,1789567849.407851,0.0007205009460449219,True
24,1789567849.4429684,0.0007319450378417969,True
24,1789567849.4743812,0.0006792545318603516,True
24,1789567849.5096912,0.0005395412445068359,True
24,1789567849.5422323,0.0005745887756347656,True
24,1789567849.5730996,0.0006284713745117188,True
24,1789567849.6083283,0.0,True
24,1789567849.643335,0.0016961097717285156,True
24,1789567849.6761267,0.0,True
24,1789567849.7100945,0.0010380744934082031,True
24,1789567849.7421803,0.0007126331329345703,True
24,1789567849.7739277,0.0005080699920654297,True
24,1789567849.8079667,0.001171112060546875,True
24,1789567849.8421595,0.0008687973022460938,True
24,1789567849.8751915,0.0005972385406494141,True
24,1789567849.9086916,0.0011172294616699219,True
24,1789567849.9254482,0.0007739067077636719,True
24,1789567849.9588146,0.0006761550903320312,True
24,1789567849.9913287,0.0,True
24,1789567850.0219443,0.0006489753723144531,True
24,1789567850.0587058,0.000640869140625,True
24,1789567850.093025,0.0005271434783935547,True
24,1789567850.1254466,0.0006999969482421875,True
24,1789567850.1586657,0.0006513595581054688,True
24,1789567850.159317,0.0010323524475097656,True
24,1789567850.1940675,0.0025234222412109375,True
24,1789567850.2249181,0.0005164146423339844,True
24,1789567850.2578628,0.0007891654968261719,True
24,1789567850.2909389,0.0005452632904052734,True
24,1789567850.324506,0.0010833740234375,True
24,1789567850.358618,0.0006902217864990234,True
24,1789567850.3983936,0.0,True
24,1789567850.4241316,0.0010423660278320312,True
24,1789567850.425174,0.0,True
24,1789567850.4462323,0.0006866455078125,True
24,1789567850.47912,0.0007834434509277344,True
24,1789567850.5061703,0.0011785030364990234,True
24,1789567850.539343,0.0010547637939453125,True
24,1789567850.5638068,0.0032470226287841797,True
24,1789567850.5670538,0.0,True
24,1789567850.5916808,0.0005033016204833984,True
24,1789567850.5985067,0.0,True
24,1789567850.6255488,0.0010366439819335938,True
24,1789567850.658003,0.0006592273712158203,True
24,1789567850.6932278,0.0010106563568115234,True
24,1789567850.7244,0.0006153583526611328,True
24,1789567850.7584226,0.0007560253143310547,True
24,1789567850.7971957,0.0010364055633544922,True
24,1789567850.8230507,0.0006289482116699219,True
24,1789567850.8583772,0.0007359981536865234,True
24,1789567850.8910022,0.0,True
24,1789567850.9224231,0.0014503002166748047,True
24,1789567850.957306,0.0007889270782470703,True
24,1789567850.9906223,0.0006997585296630859,True
24,1789567851.0237465,0.0006573200225830078,True
24,1789567851.0582805,0.0006940364837646484,True
24,1789567851.0904827,0.0006952285766601562,True
24,1789567851.1224644,0.002494335174560547,True
24,1789567851.157085,0.0,True
24,1789567851.188902,0.0011217594146728516,True
24,1789567851.2203627,0.0005164146423339844,True
24,1789567851.2566981,0.0,True
24,1789567851.2899098,0.0008654594421386719,True
24,1789567851.32434,0.0007030963897705078,True
24,1789567851.35787,0.0006215572357177734,True
24,1789567851.3911924,0.0003445148468017578,True
24,1789567851.4237945,0.000507354736328125,True
24,1789567851.4568455,0.0005958080291748047,True
24,1789567851.4901998,0.00045871734619140625,True
24,1789567851.522054,0.001363992691040039,True
24,1789567851.5557532,0.0011110305786132812,True
24,1789567851.589941,0.001268625259399414,True
24,1789567851.6253986,0.0005042552947998047,True
24,1789567851.6576936,0.0010101795196533203,True
24,1789567851.6902437,0.0003707408905029297,True
24,1789567851.6906145,0.0,True
24,1789567851.7235518,0.0,True
24,1789567851.758214,0.0007741451263427734,True
24,1789567851.793555,0.0,True
24,1789567851.8235922,0.0010974407196044922,True
24,1789567851.8579636,0.0006203651428222656,True
24,1789567851.890929,0.0,True
24,1789567851.9259875,0.0005774497985839844,True
24,1789567851.9568706,0.0007483959197998047,True
24,1789567851.9924202,0.0010213851928710938,True
24,1789567852.024251,0.0019867420196533203,True
24,1789567852.0579615,0.0006811618804931641,True
24,1789567852.0899801,0.0005145072937011719,True
24,1789567852.1242194,0.0005750656127929688,True
24,1789567852.1559215,0.0007610321044921875,True
24,1789567852.1925154,0.0010192394256591797,True
24,1789567852.2239482,0.0008013248443603516,True
24,1789567852.2568798,0.0003840923309326172,True
24,1789567852.2894661,0.0010187625885009766,True
24,1789567852.3243139,0.0005908012390136719,True
24,1789567852.3570168,0.0006148815155029297,True
24,1789567852.3902543,0.0,True
24,1789567852.4224353,0.0006895065307617188,True
24,1789567852.4539843,0.0007488727569580078,True
24,1789567852.4897554,0.0005214214324951172,True
24,1789567852.5222542,0.0007181167602539062,True
24,1789567852.5567043,0.0005042552947998047,True
24,1789567852.5887346,0.0009183883666992188,True
24,1789567852.62394,0.0005748271942138672,True
24,1789567852.6458623,0.0,True
24,1789567852.6741438,0.0012221336364746094,True
24,1789567852.675366,0.0,True
24,1789567852.6968243,0.0015552043914794922,True
24,1789567852.7246535,0.0007205009460449219,True
24,1789567852.759573,0.0005056858062744141,True
24,1789567852.7923965,0.0,True
24,1789567852.8222208,0.001138925552368164,True
24,1789567852.8445418,0.0013227462768554688,True
24,1789567852.8738055,0.0006926059722900391,True
24,1789567852.9050171,0.0006124973297119141,True
24,1789567852.9389234,0.001102447509765625,True
24,1789567852.9605799,0.0005450248718261719,True
24,1789567852.9911468,0.0010347366333007812,True
24,1789567853.0233386,0.0008523464202880859,True
24,1789567853.0566056,0.0005617141723632812,True
24,1789567853.0898566,0.0011849403381347656,True
24,1789567853.1233997,0.001336812973022461,True
24,1789567853.157503,0.0005927085876464844,True
24,1789567853.190275,0.00046324729919433594,True
24,1789567853.1907382,0.0010669231414794922,True
24,1789567853.2240489,0.0011246204376220703,True
24,1789567853.2555726,0.0006964206695556641,True
24,1789567853.2762752,0.0,True
24,1789567853.30613,0.0,True
24,1789567853.3391745,0.0005476474761962891,True
24,1789567853.3750138,0.0,True
24,1789567853.4066954,0.00032901763916015625,True
24,1789567853.439074,0.0008060932159423828,True
24,1789567853.4624553,0.0005946159362792969,True
24,1789567853.490243,0.0005207061767578125,True
24,1789567853.522366,0.0007035732269287109,True
24,1789567853.554504,0.0,True
24,1789567853.5894063,0.0007128715515136719,True
24,1789567853.624704,0.00052642822265625,True
24,1789567853.6582627,0.0,True
24,1789567853.6915152,0.0020198822021484375,True
24,1789567853.724584,0.0006873607635498047,True
24,1789567853.757925,0.0004322528839111328,True
24,1789567853.7785332,0.0015227794647216797,True
24,1789567853.8083863,0.0,True
24,1789567853.839377,0.0012025833129882812,True
24,1789567853.8744273,0.0006136894226074219,True
24,1789567853.9066935,0.0006549358367919922,True
24,1789567853.9399767,0.0011434555053710938,True
24,1789567853.9411201,0.0,True
24,1789567853.9761949,0.0007472038269042969,True
24,1789567854.0076568,0.0007939338684082031,True
24,1789567854.041035,0.000774383544921875,True
24,1789567854.074606,0.0007128715515136719,True
24,1789567854.1084058,0.0,True
24,1789567854.1395943,0.0011272430419921875,True
24,1789567854.173774,0.0005140304565429688,True
24,1789567854.2067769,0.0007028579711914062,True
24,1789567854.2411315,0.0007386207580566406,True
24,1789567854.2799718,0.0006630420684814453,True
24,1789567854.3053849,0.0008256435394287109,True
24,1789567854.3394275,0.0011792182922363281,True
24,1789567854.3749783,0.0005681514739990234,True
24,1789567854.4073577,0.0,True
24,1789567854.439382,0.0,True
24,1789567854.4737399,0.0006108283996582031,True
24,1789567854.5079317,0.0,True
24,1789567854.538045,0.0016503334045410156,True
24,1789567854.5741606,0.0,True
24,1789567854.607328,0.0,True
24,1789567854.6424198,0.0008308887481689453,True
24,1789567854.6743534,0.002131938934326172,True
24,1789567854.6764853,0.0010981559753417969,True
24,1789567854.711699,0.0009200572967529297,True
24,1789567854.7433527,0.0014944076538085938,True
24,1789567854.7773318,0.0010106563568115234,True
24,1789567854.8071728,0.0,True
24,1789567854.8393738,0.0010998249053955078,True
24,1789567854.8750641,0.0005662441253662109,True
24,1789567854.8817265,0.0,True
24,1789567854.9060996,0.0010137557983398438,True
24,1789567854.9380248,0.0015339851379394531,True
24,1789567854.9580553,0.0007967948913574219,True
24,1789567854.9901102,0.0,True
24,1789567855.0240452,0.0012137889862060547,True
24,1789567855.0581882,0.0,True
24,1789567855.0896719,0.0012357234954833984,True
24,1789567855.122276,0.0006487369537353516,True
24,1789567855.1569679,0.00044846534729003906,True
24,1789567855.1899056,0.0,True
24,1789567855.224054,0.001247406005859375,True
24,1789567855.256634,0.0015132427215576172,True
24,1789567855.288226,0.0012135505676269531,True
24,1789567855.3227198,0.0015065670013427734,True
24,1789567855.3580375,0.0007121562957763672,True
24,1789567855.391446,0.0,True
24,1789567855.4236462,0.0006377696990966797,True
24,1789567855.4582303,0.0,True
24,1789567855.4903245,0.0005288124084472656,True
24,1789567855.5219095,0.0005803108215332031,True
24,1789567855.5569983,0.00030541419982910156,True
24,1789567855.5909934,0.0006585121154785156,True
24,1789567855.6243098,0.0011222362518310547,True
24,1789567855.6572287,0.0011904239654541016,True
24,1789567855.69187,0.002313375473022461,True
24,1789567855.7245028,0.0007576942443847656,True
24,1789567855.758241,0.0012249946594238281,True
24,1789567855.7916183,0.001178741455078125,True
24,1789567855.822311,0.0004646778106689453,True
24,1789567855.857618,0.0005176067352294922,True
24,1789567855.8935533,0.001104593276977539,True
24,1789567855.8935533,0.001104593276977539,True
24,1789567855.922611,0.0005488395690917969,True
24,1789567855.957153,0.0,True
24,1789567855.9893463,0.0006897449493408203,True
24,1789567856.0233977,0.0005946159362792969,True
24,1789567856.0578337,0.0,True
24,1789567856.091826,0.00086212158203125,True
24,1789567856.1232905,0.0005905628204345703,True
24,1789567856.1564677,0.0003285408020019531,True
24,1789567856.1894293,0.0013151168823242188,True
24,1789567856.1907444,0.0,True
24,1789567856.22372,0.0006060600280761719,True
24,1789567856.256245,0.0,True
24,1789567856.2908337,0.0,True
24,1789567856.3231463,0.0005841255187988281,True
24,1789567856.3576565,0.0010101795196533203,True
24,1789567856.3899992,0.0004343986511230469,True
24,1789567856.4231563,0.0010476112365722656,True
24,1789567856.4560623,0.0,True
24,1789567856.488871,0.0005164146423339844,True
24,1789567856.5227847,0.0005061626434326172,True
24,1789567856.5555937,0.0008728504180908203,True
24,1789567856.5891206,0.0005562305450439453,True
24,1789567856.6236804,0.0007295608520507812,True
24,1789567856.6570058,0.0007786750793457031,True
24,1789567856.6907735,0.0008466243743896484,True
24,1789567856.7237074,0.0015099048614501953,True
24,1789567856.7576036,0.0010142326354980469,True
24,1789567856.7922306,0.0016870498657226562,True
24,1789567856.822699,0.0,True
24,1789567856.8566358,0.0004608631134033203,True
24,1789567856.889074,0.0007092952728271484,True
24,1789567856.9222383,0.0008041858673095703,True
24,1789567856.9564846,0.0007734298706054688,True
24,1789567856.9900532,0.0,True
24,1789567857.0238986,0.0005898475646972656,True
24,1789567857.0569646,0.0014414787292480469,True
24,1789567857.0905335,0.0011928081512451172,True
24,1789567857.1235764,0.0008029937744140625,True
24,1789567857.1558657,0.0005984306335449219,True
24,1789567857.1890805,0.0005464553833007812,True
24,1789567857.2231295,0.0005960464477539062,True
24,1789567857.2536397,0.0007686614990234375,True
24,1789567857.2888305,0.0004982948303222656,True
24,1789567857.3234367,0.0,True
24,1789567857.3570745,0.0,True
24,1789567857.3889024,0.0006561279296875,True
24,1789567857.4234822,0.0008039474487304688,True
24,1789567857.4568887,0.0005490779876708984,True
24,1789567857.4888716,0.0007832050323486328,True
24,1789567857.5209396,0.0012373924255371094,True
24,1789567857.556828,0.0,True
24,1789567857.5887308,0.0005252361297607422,True
24,1789567857.624325,0.0005056858062744141,True
24,1789567857.656845,0.0,True
24,1789567857.6900108,0.0005562305450439453,True
24,1789567857.6911862,0.0,True
24,1789567857.7222908,0.001050710678100586,True
24,1789567857.744875,0.001734018325805664,True
24,1789567857.7744966,0.0006122589111328125,True
24,1789567857.805628,0.0007643699645996094,True
24,1789567857.8390815,0.0005779266357421875,True
24,1789567857.8741412,0.0005903244018554688,True
24,1789567857.904215,0.0014562606811523438,True
24,1789567857.9407923,0.0,True
24,1789567857.9407923,0.0009224414825439453,True
24,1789567857.9753275,0.0007178783416748047,True
24,1789567858.0064821,0.0007135868072509766,True
24,1789567858.038961,0.0005147457122802734,True
24,1789567858.072912,0.0,True
24,1789567858.1063635,0.0005924701690673828,True
24,1789567858.1400216,0.0,True
24,1789567858.1719213,0.0006847381591796875,True
24,1789567858.2065916,0.0010254383087158203,True
24,1789567858.241302,0.0010035037994384766,True
24,1789567858.272334,0.0005667209625244141,True
24,1789567858.3065696,0.0006403923034667969,True
24,1789567858.3400915,0.0005052089691162109,True
24,1789567858.3737063,0.0005214214324951172,True
24,1789567858.4055789,0.0007498264312744141,True
24,1789567858.4278092,0.0016300678253173828,True
24,1789567858.4571822,0.0003464221954345703,True
24,1789567858.4928446,0.0006191730499267578,True
24,1789567858.5227988,0.0003705024719238281,True
24,1789567858.556508,0.0003333091735839844,True
24,1789567858.5907636,0.0006763935089111328,True
24,1789567858.6260705,0.0007958412170410156,True
24,1789567858.6572444,0.0,True
24,1789567858.689673,0.0012853145599365234,True
24,1789567858.6909583,0.0,True
24,1789567858.712335,0.0012936592102050781,True
24,1789567858.7407699,0.0,True
24,1789567858.7730873,0.0007283687591552734,True
24,1789567858.8066506,0.0005714893341064453,True
24,1789567858.839936,0.0016632080078125,True
24,1789567858.8724177,0.0007159709930419922,True
24,1789567858.9071383,0.0010814666748046875,True
24,1789567858.9400668,0.0007205009460449219,True
24,1789567858.9407873,0.0005228519439697266,True
24,1789567858.972352,0.0009868144989013672,True
24,1789567859.0065057,0.0012354850769042969,True
24,1789567859.0287614,0.0011761188507080078,True
24,1789567859.056283,0.0007634162902832031,True
24,1789567859.088166,0.0009999275207519531,True
24,1789567859.1143737,0.0,True
24,1789567859.1398742,0.0005815029144287109,True
24,1789567859.1728997,0.000614166259765625,True
24,1789567859.207112,0.0009176731109619141,True
24,1789567859.25246,0.0007469654083251953,True
24,1789567859.253207,0.001043081283569336,True
24,1789567859.2879763,0.0010228157043457031,True
24,1789567859.324274,0.0006406307220458984,True
24,1789567859.3586287,0.0015544891357421875,True
24,1789567859.3881972,0.0010216236114501953,True
24,1789567859.4229908,0.0,True
24,1789567859.4555442,0.0007371902465820312,True
24,1789567859.4562814,0.0,True
24,1789567859.488521,0.000762939453125,True
24,1789567859.5216722,0.0009582042694091797,True
24,1789567859.554015,0.0012631416320800781,True
24,1789567859.5882611,0.0011816024780273438,True
24,1789567859.6238658,0.0,True
24,1789567859.655076,0.0009129047393798828,True
24,1789567859.677535,0.0006396770477294922,True
24,1789567859.7076802,0.0,True
24,1789567859.7383587,0.0010118484497070312,True
24,1789567859.7622395,0.0012471675872802734,True
24,1789567859.7882874,0.00116729736328125,True
24,1789567859.8215833,0.0005447864532470703,True
24,1789567859.845067,0.0015168190002441406,True
24,1789567859.8465838,0.0020532608032226562,True
24,1789567859.8740819,0.0006835460662841797,True
24,1789567859.9038527,0.001712799072265625,True
24,1789567859.9397094,0.00093841552734375,True
24,1789567859.9406478,0.0,True
24,1789567859.9716487,0.0009751319885253906,True
24,1789567860.00476,0.0006735324859619141,True
24,1789567860.038591,0.0005137920379638672,True
24,1789567860.0721416,0.0006122589111328125,True
24,1789567860.1052687,0.0007650852203369141,True
24,1789567860.1377735,0.0008249282836914062,True
24,1789567860.160059,0.0007827281951904297,True
24,1789567860.1883364,0.0,True
24,1789567860.2220047,0.0006279945373535156,True
24,1789567860.253894,0.0,True
24,1789567860.2881498,0.0010027885437011719,True
24,1789567860.324407,0.0006310939788818359,True
24,1789567860.3559237,0.001010894775390625,True
24,1789567860.3876364,0.0005083084106445312,True
24,1789567860.4223175,0.0008847713470458984,True
24,1789567860.4559076,0.0011768341064453125,True
24,1789567860.4883194,0.0019245147705078125,True
24,1789567860.522072,0.0006411075592041016,True
24,1789567860.5543509,0.0006754398345947266,True
24,1789567860.5881426,0.0011758804321289062,True
24,1789567860.619076,0.0016133785247802734,True
24,1789567860.6421728,0.0006270408630371094,True
24,1789567860.6745045,0.0013527870178222656,True
24,1789567860.6758573,0.0010097026824951172,True
24,1789567860.70724,0.0009431838989257812,True
24,1789567860.7403495,0.0005121231079101562,True
24,1789567860.7729526,0.0,True
24,1789567860.805063,0.0,True
24,1789567860.8398545,0.0,True
24,1789567860.8727326,0.001239776611328125,True
24,1789567860.9044867,0.0010097026824951172,True
24,1789567860.9393415,0.0010800361633300781,True
24,1789567860.9544203,0.0,True
24,1789567860.989239,0.0009703636169433594,True
24,1789567861.022799,0.0006957054138183594,True
24,1789567861.0558476,0.0,True
24,1789567861.0879009,0.0021448135375976562,True
24,1789567861.1224828,0.0,True
24,1789567861.1524162,0.0,True
24,1789567861.1726322,0.0,True
24,1789567861.204426,0.0010097026824951172,True
24,1789567861.2379196,0.0014867782592773438,True
24,1789567861.270991,0.0,True
24,1789567861.2964733,0.0021240711212158203,True
24,1789567861.3212018,0.0011816024780273438,True
24,1789567861.355389,0.001150369644165039,True
24,1789567861.3892732,0.0005280971527099609,True
24,1789567861.4221852,0.0006513595581054688,True
24,1789567861.4553733,0.0007417201995849609,True
24,1789567861.456115,0.0004074573516845703,True
24,1789567861.488225,0.0,True
24,1789567861.5192482,0.0,True
24,1789567861.5540755,0.001199960708618164,True
24,1789567861.588234,0.001104593276977539,True
24,1789567861.6241944,0.0009717941284179688,True
24,1789567861.6545336,0.0007967948913574219,True
24,1789567861.689132,0.0010907649993896484,True
24,1789567861.6902227,0.0,True
24,1789567861.7226286,0.0015442371368408203,True
24,1789567861.7565923,0.0003571510314941406,True
24,1789567861.7889044,0.0010466575622558594,True
24,1789567861.821408,0.0005180835723876953,True
24,1789567861.8548474,0.0011019706726074219,True
24,1789567861.8886256,0.0005300045013427734,True
24,1789567861.910271,0.0005891323089599609,True
24,1789567861.9390635,0.0006914138793945312,True
24,1789567861.9731765,0.0009477138519287109,True
24,1789567862.0052373,0.0005795955657958984,True
24,1789567862.0377588,0.0007879734039306641,True
24,1789567862.0738325,0.00039267539978027344,True
24,1789567862.1047547,0.0007207393646240234,True
24,1789567862.13695,0.0011529922485351562,True
24,1789567862.172483,0.0017452239990234375,True
24,1789567862.2056293,0.0007154941558837891,True
24,1789567862.2063448,0.0,True
24,1789567862.2396433,0.0006475448608398438,True
24,1789567862.2751434,0.0011060237884521484,True
24,1789567862.3064432,0.000431060791015625,True
24,1789567862.3390481,0.000713348388671875,True
24,1789567862.3720996,0.0006318092346191406,True
24,1789567862.4049735,0.0005788803100585938,True
24,1789567862.4386396,0.0006487369537353516,True
24,1789567862.4723957,0.0,True
24,1789567862.5050879,0.0003352165222167969,True
24,1789567862.5388696,0.0013463497161865234,True
24,1789567862.571498,0.0004286766052246094,True
24,1789567862.6060839,0.0006759166717529297,True
24,1789567862.6388128,0.0011241436004638672,True
24,1789567862.6717834,0.0003333091735839844,True
24,1789567862.7054968,0.0007948875427246094,True
24,1789567862.7062917,0.00101470947265625,True
24,1789567862.7405531,0.0006935596466064453,True
24,1789567862.7733357,0.0011167526245117188,True
24,1789567862.8054342,0.0006639957427978516,True
24,1789567862.837879,0.001026153564453125,True
24,1789567862.8742027,0.0005049705505371094,True
24,1789567862.9038095,0.0005037784576416016,True
24,1789567862.9391837,0.0012230873107910156,True
24,1789567862.9546845,0.0005586147308349609,True
24,1789567862.9899857,0.00036525726318359375,True
24,1789567863.020598,0.0011248588562011719,True
24,1789567863.0539382,0.0006940364837646484,True
24,1789567863.079328,0.0007932186126708984,True
24,1789567863.105651,0.0011487007141113281,True
24,1789567863.1380446,0.00140380859375,True
24,1789567863.1694953,0.0012655258178710938,True
24,1789567863.204553,0.00038623809814453125,True
24,1789567863.227194,0.0,True
24,1789567863.2546685,0.0008509159088134766,True
24,1789567863.2893302,0.0009710788726806641,True
24,1789567863.3222058,0.0010106563568115234,True
24,1789567863.3540063,0.0014181137084960938,True
24,1789567863.3872163,0.0013327598571777344,True
24,1789567863.423791,0.0013990402221679688,True
24,1789567863.42519,0.001310110092163086,True
24,1789567863.4553933,0.0011048316955566406,True
24,1789567863.4564981,0.0010478496551513672,True
24,1789567863.4882421,0.0005450248718261719,True
24,1789567863.5211864,0.0008187294006347656,True
24,1789567863.556122,0.0,True
24,1789567863.5884037,0.0005652904510498047,True
24,1789567863.6219366,0.00079345703125,True
24,1789567863.6436749,0.0007014274597167969,True
24,1789567863.6731975,0.0019860267639160156,True
24,1789567863.6903603,0.0005891323089599609,True
24,1789567863.6903603,0.0005891323089599609,True
24,1789567863.7208626,0.0012786388397216797,True
24,1789567863.7221413,0.0,True
24,1789567863.7552457,0.000797271728515625,True
24,1789567863.789235,0.0005486011505126953,True
24,1789567863.8205462,0.0014810562133789062,True
24,1789567863.8525116,0.0011212825775146484,True
24,1789567863.87454,0.0007431507110595703,True
24,1789567863.9051914,0.0,True
24,1789567863.9384658,0.0007078647613525391,True
24,1789567863.9718566,0.01044154167175293,True
24,1789567864.0049164,0.0010104179382324219,True
24,1789567864.038772,0.0005297660827636719,True
24,1789567864.0705283,0.0007116794586181641,True
24,1789567864.1047387,0.0,True
24,1789567864.1382267,0.0006649494171142578,True
24,1789567864.1707537,0.0008769035339355469,True
24,1789567864.2058992,0.0,True
24,1789567864.2058992,0.0,True
24,1789567864.2385106,0.0005121231079101562,True
24,1789567864.279288,0.000743865966796875,True
24,1789567864.303823,0.000988006591796875,True
24,1789567864.3370106,0.0009815692901611328,True
24,1789567864.3717113,0.0005559921264648438,True
24,1789567864.4050388,0.0010840892791748047,True
24,1789567864.4376233,0.0006282329559326172,True
24,1789567864.4716644,0.001720428466796875,True
24,1789567864.5049393,0.0,True
24,1789567864.5360382,0.0008780956268310547,True
24,1789567864.557761,0.0013873577117919922,True
24,1789567864.5898259,0.0008208751678466797,True
24,1789567864.6236987,0.0005869865417480469,True
24,1789567864.653807,0.0007870197296142578,True
24,1789567864.6769195,0.0,True
24,1789567864.705206,0.0006096363067626953,True
24,1789567864.7058156,0.0010089874267578125,True
24,1789567864.7293348,0.0007967948913574219,True
24,1789567864.754068,0.0007905960083007812,True
24,1789567864.7881913,0.0008094310760498047,True
24,1789567864.8198233,0.0010433197021484375,True
24,1789567864.853742,0.0012848377227783203,True
24,1789567864.8879936,0.0009932518005371094,True
24,1789567864.9199955,0.0007562637329101562,True
24,1789567864.9538653,0.0007257461547851562,True
24,1789567864.9884994,0.000537872314453125,True
24,1789567865.0218103,0.0006439685821533203,True
24,1789567865.053802,0.001361846923828125,True
24,1789567865.0881586,0.0008387565612792969,True
24,1789567865.1219985,0.0,True
24,1789567865.153869,0.0006723403930664062,True
24,1789567865.1892967,0.002558469772338867,True
24,1789567865.1918552,0.001306772232055664,True
24,1789567865.2213044,0.0,True
24,1789567865.2523282,0.0,True
24,1789567865.272495,0.0006558895111083984,True
24,1789567865.3050003,0.0,True
24,1789567865.3380828,0.0,True
24,1789567865.3705509,0.001737833023071289,True
24,1789567865.4049938,0.0,True
24,1789567865.4395688,0.0009331703186035156,True
24,1789567865.440502,0.001064300537109375,True
24,1789567865.4714084,0.0,True
24,1789567865.504422,0.0,True
24,1789567865.5374098,0.0007641315460205078,True
24,1789567865.5702474,0.0014252662658691406,True
24,1789567865.6049445,0.0,True
24,1789567865.6379817,0.024796485900878906,True
24,1789567865.6627781,0.0005125999450683594,True
24,1789567865.6880755,0.0013206005096435547,True
24,1789567865.7221706,0.0,True
24,1789567865.7221706,0.0,True
24,1789567865.7539477,0.0010457038879394531,True
24,1789567865.7758,0.0,True
24,1789567865.8046923,0.0007021427154541016,True
24,1789567865.8402479,0.0008673667907714844,True
24,1789567865.8717108,0.0005195140838623047,True
24,1789567865.9111493,0.0,True
24,1789567865.938211,0.0012624263763427734,True
24,1789567865.974593,0.0005950927734375,True
24,1789567866.0044398,0.0,True
24,1789567866.0390148,0.0006258487701416016,True
24,1789567866.0699086,0.0007476806640625,True
24,1789567866.1045928,0.0,True
24,1789567866.136985,0.0,True
24,1789567866.1691945,0.0013837814331054688,True
24,1789567866.204735,0.0,True
24,1789567866.2383914,0.0010900497436523438,True
24,1789567866.2737815,0.0016832351684570312,True
24,1789567866.3047228,0.0,True
24,1789567866.3385675,0.0005040168762207031,True
24,1789567866.3711772,0.0011742115020751953,True
24,1789567866.4022267,0.0008134841918945312,True
24,1789567866.4381425,0.0010104179382324219,True
24,1789567866.4711971,0.0011353492736816406,True
24,1789567866.4723325,0.0,True
24,1789567866.5046947,0.0,True
24,1789567866.5383327,0.0010073184967041016,True
24,1789567866.5740771,0.0010204315185546875,True
24,1789567866.6081636,0.0013422966003417969,True
24,1789567866.6410608,0.0006918907165527344,True
24,1789567866.6711547,0.0006701946258544922,True
24,1789567866.7043288,0.00030350685119628906,True
24,1789567866.7375383,0.0006554126739501953,True
24,1789567866.7741427,0.0005631446838378906,True
24,1789567866.803782,0.0006823539733886719,True
24,1789567866.837415,0.0008094310760498047,True
24,1789567866.870955,0.0005779266357421875,True
24,1789567866.90457,0.0,True
24,1789567866.938474,0.0,True
24,1789567866.9725053,0.0005958080291748047,True
24,1789567867.0038176,0.0006339550018310547,True
24,1789567867.0379434,0.0011229515075683594,True
24,1789567867.071054,0.001085519790649414,True
24,1789567867.1047177,0.0005104541778564453,True
24,1789567867.137385,0.0,True
24,1789567867.1696525,0.0011267662048339844,True
24,1789567867.2025523,0.0,True
24,1789567867.2382421,0.0,True
24,1789567867.2710748,0.0,True
24,1789567867.3039143,0.0,True
24,1789567867.3382401,0.0,True
24,1789567867.3697855,0.0007851123809814453,True
24,1789567867.403093,0.0006692409515380859,True
24,1789567867.4383256,0.0,True
24,1789567867.4600332,0.0005893707275390625,True
24,1789567867.4880886,0.0,True
24,1789567867.5198658,0.0022590160369873047,True
24,1789567867.553696,0.0009372234344482422,True
24,1789567867.5908506,0.0,True
24,1789567867.621245,0.0010614395141601562,True
24,1789567867.6544716,0.0,True
24,1789567867.6883147,0.0005834102630615234,True
24,1789567867.7211905,0.001005411148071289,True
24,1789567867.7221959,0.0010097026824951172,True
24,1789567867.7529914,0.005946159362792969,True
24,1789567867.7873292,0.0005230903625488281,True
24,1789567867.8190098,0.0005371570587158203,True
24,1789567867.8532717,0.0005216598510742188,True
24,1789567867.8758678,0.0007309913635253906,True
24,1789567867.9043007,0.0005848407745361328,True
24,1789567867.9372003,0.0,True
24,1789567867.9705014,0.00048661231994628906,True
24,1789567868.000865,0.0007393360137939453,True
24,1789567868.024771,0.0011153221130371094,True
24,1789567868.0541782,0.0,True
24,1789567868.074264,0.0006949901580810547,True
24,1789567868.103884,0.0007519721984863281,True
24,1789567868.1374075,0.0006253719329833984,True
24,1789567868.1694221,0.0010514259338378906,True
24,1789567868.2036939,0.0005936622619628906,True
24,1789567868.2373345,0.0012900829315185547,True
24,1789567868.2604952,0.0007097721099853516,True
24,1789567868.2880287,0.0,True
24,1789567868.3206625,0.0007891654968261719,True
24,1789567868.3541424,0.008446216583251953,True
24,1789567868.3625886,0.0018270015716552734,True
24,1789567868.3862996,0.0006060600280761719,True
24,1789567868.422422,0.0006361007690429688,True
24,1789567868.454707,0.0007736682891845703,True
24,1789567868.4873152,0.0014622211456298828,True
24,1789567868.5183508,0.0013036727905273438,True
24,1789567868.553073,0.0003898143768310547,True
24,1789567868.587987,0.0006353855133056641,True
24,1789567868.6203184,0.0,True
24,1789567868.6537304,0.0010080337524414062,True
24,1789567868.6765141,0.0,True
24,1789567868.707958,0.001199483871459961,True
24,1789567868.7357855,0.0006999969482421875,True
24,1789567868.7730377,0.0015366077423095703,True
24,1789567868.804082,0.004421234130859375,True
24,1789567868.836302,0.001001596450805664,True
24,1789567868.8605587,0.0,True
24,1789567868.8804502,0.0015299320220947266,True
24,1789567868.9192443,0.0012574195861816406,True
24,1789567868.952266,0.0006661415100097656,True
24,1789567868.9701662,0.000637054443359375,True
24,1789567868.9836884,0.0,True
24,1789567869.0190473,0.0006735324859619141,True
24,1789567869.0526688,0.0010046958923339844,True
24,1789567869.0891566,0.0011174678802490234,True
24,1789567869.1197295,0.00154876708984375,True
24,1789567869.1511793,0.001354217529296875,True
24,1789567869.186769,0.0,True
24,1789567869.221147,0.0005245208740234375,True
24,1789567869.2216716,0.0005116462707519531,True
24,1789567869.252121,0.0006518363952636719,True
24,1789567869.2527728,0.0,True
24,1789567869.2744513,0.0005218982696533203,True
24,1789567869.302022,0.0005216598510742188,True
24,1789567869.3365126,0.0,True
24,1789567869.3545992,0.0,True
24,1789567869.3840082,0.0,True
24,1789567869.406058,0.0008299350738525391,True
24,1789567869.437611,0.0006957054138183594,True
24,1789567869.453911,0.0009295940399169922,True
24,1789567869.4868963,0.0,True
24,1789567869.5180779,0.000507354736328125,True
24,1789567869.5185852,0.0012824535369873047,True
24,1789567869.552302,0.000522613525390625,True
24,1789567869.5865018,0.004074573516845703,True
24,1789567869.6216068,0.0005791187286376953,True
24,1789567869.6522577,0.0006093978881835938,True
24,1789567869.6871111,0.0010104179382324219,True
24,1789567869.7027473,0.0011036396026611328,True
24,1789567869.7372308,0.001012563705444336,True
24,1789567869.7382433,0.000507354736328125,True
24,1789567869.7729163,0.0,True
24,1789567869.802732,0.00110626220703125,True
24,1789567869.8365974,0.0006132125854492188,True
24,1789567869.8610213,0.0015363693237304688,True
24,1789567869.8631933,0.0,True
24,1789567869.8862572,0.0006575584411621094,True
24,1789567869.9181356,0.0013165473937988281,True
24,1789567869.9520798,0.0008642673492431641,True
24,1789567869.9881268,0.0,True
24,1789567869.9881268,0.0007746219635009766,True
24,1789567870.0206807,0.0007977485656738281,True
24,1789567870.0558848,0.001010894775390625,True
24,1789567870.087978,0.0,True
24,1789567870.1191108,0.0005991458892822266,True
24,1789567870.1515996,0.0011515617370605469,True
24,1789567870.1728244,0.0006201267242431641,True
24,1789567870.2027376,0.0008192062377929688,True
24,1789567870.236753,0.0011715888977050781,True
24,1789567870.2379246,0.0,True
24,1789567870.2718215,0.0005035400390625,True
24,1789567870.3036828,0.0005574226379394531,True
24,1789567870.3361757,0.00038242340087890625,True
24,1789567870.3688242,0.0007867813110351562,True
24,1789567870.4017966,0.0005259513854980469,True
24,1789567870.4356189,0.0007877349853515625,True
24,1789567870.457031,0.0,True
24,1789567870.4853826,0.0007877349853515625,True
24,1789567870.5186973,0.0005071163177490234,True
24,1789567870.5192044,0.0,True
24,1789567870.5514386,0.0005068778991699219,True
24,1789567870.5859756,0.0,True
24,1789567870.6056871,0.0,True
24,1789567870.640059,0.00040912628173828125,True
24,1789567870.6688466,0.00040650367736816406,True
24,1789567870.7039986,0.0,True
24,1789567870.7364929,0.0,True
24,1789567870.7717896,0.0005457401275634766,True
24,1789567870.8035498,0.0,True
24,1789567870.836492,0.0,True
24,1789567870.8702505,0.0006616115570068359,True
24,1789567870.9020963,0.0016906261444091797,True
24,1789567870.933384,0.002082347869873047,True
24,1789567870.9682515,0.0010833740234375,True
24,1789567871.0031369,0.0005838871002197266,True
24,1789567871.0355272,0.0013294219970703125,True
24,1789567871.0707216,0.0007236003875732422,True
24,1789567871.102295,0.0008978843688964844,True
24,1789567871.1349227,0.0016117095947265625,True
24,1789567871.1690805,0.0,True
24,1789567871.1893468,0.0006163120269775391,True
24,1789567871.2192032,0.0012254714965820312,True
24,1789567871.2518218,0.000507354736328125,True
24,1789567871.286873,0.0,True
24,1789567871.3187275,0.0007891654968261719,True
24,1789567871.3534198,0.0006415843963623047,True
24,1789567871.3855283,0.0,True
24,1789567871.4040687,0.0,True
24,1789567871.4368193,0.0007197856903076172,True
24,1789567871.460602,0.0,True
24,1789567871.485473,0.0,True
24,1789567871.5178,0.0015246868133544922,True
24,1789567871.5193248,0.0,True
24,1789567871.5529585,0.0011134147644042969,True
24,1789567871.5848918,0.00035500526428222656,True
24,1789567871.6192553,0.0,True
24,1789567871.6518288,0.0004367828369140625,True
24,1789567871.6729846,0.0010406970977783203,True
24,1789567871.7039955,0.0005979537963867188,True
24,1789567871.735986,0.0,True
24,1789567871.75756,0.0,True
24,1789567871.7865267,0.00057220458984375,True
24,1789567871.8191178,0.0,True
24,1789567871.8539255,0.0005948543548583984,True
24,1789567871.8860807,0.0005061626434326172,True
24,1789567871.9190893,0.0,True
24,1789567871.953751,0.0007295608520507812,True
24,1789567871.9851656,0.0006573200225830078,True
24,1789567872.0081675,0.0,True
24,1789567872.0366762,0.0,True
24,1789567872.0697715,0.0013930797576904297,True
24,1789567872.0916793,0.0010876655578613281,True
24,1789567872.1197007,0.001367330551147461,True
24,1789567872.1520789,0.0,True
24,1789567872.185639,0.0,True
24,1789567872.219696,0.0012023448944091797,True
24,1789567872.2520363,0.0,True
24,1789567872.2720528,0.0,True
24,1789567872.3019733,0.001013040542602539,True
24,1789567872.3253965,0.0,True
24,1789567872.353074,0.0006077289581298828,True
24,1789567872.3854563,0.001054525375366211,True
24,1789567872.419333,0.0,True
24,1789567872.4524026,0.00032973289489746094,True
24,1789567872.4865532,0.0,True
24,1789567872.51815,0.0,True
24,1789567872.552627,0.0,True
24,1789567872.5861132,0.00118255615234375,True
24,1789567872.6196625,0.0,True
24,1789567872.6530244,0.0012371540069580078,True
24,1789567872.6861525,0.0010952949523925781,True
24,1789567872.7208369,0.0,True
24,1789567872.7529273,0.001007080078125,True
24,1789567872.7858114,0.0,True
24,1789567872.817583,0.0010111331939697266,True
24,1789567872.852874,0.0009038448333740234,True
24,1789567872.876191,0.0,True
24,1789567872.9021068,0.0,True
24,1789567872.9244654,0.0012850761413574219,True
24,1789567872.9257505,0.0036611557006835938,True
24,1789567872.9540071,0.0005936622619628906,True
24,1789567872.984746,0.001009225845336914,True
24,1789567873.0059083,0.0,True
24,1789567873.0363092,0.001013040542602539,True
24,1789567873.0722282,0.0,True
24,1789567873.1028357,0.0012764930725097656,True
24,1789567873.134522,0.0,True
24,1789567873.1671884,0.0008890628814697266,True
24,1789567873.2027147,0.0015668869018554688,True
24,1789567873.2351754,0.0,True
24,1789567873.251015,0.0015060901641845703,True
24,1789567873.255361,0.00034928321838378906,True
24,1789567873.2860532,0.0011665821075439453,True
24,1789567873.3206766,0.0007479190826416016,True
24,1789567873.353965,0.0,True
24,1789567873.3860104,0.0,True
24,1789567873.4074605,0.0,True
24,1789567873.436208,0.0009224414825439453,True
24,1789567873.4699452,0.00038313865661621094,True
24,1789567873.5024548,0.0,True
24,1789567873.5359194,0.0,True
24,1789567873.5681858,0.0007865428924560547,True
24,1789567873.6028485,0.002474546432495117,True
24,1789567873.637107,0.0,True
24,1789567873.6706927,0.0017693042755126953,True
24,1789567873.7017732,0.0006957054138183594,True
24,1789567873.7346752,0.0010094642639160156,True
24,1789567873.7677839,0.0,True
24,1789567873.775158,0.0029714107513427734,True
24,1789567873.8009105,0.001659393310546875,True
24,1789567873.8244698,0.0012755393981933594,True
24,1789567873.8523364,0.0006415843963623047,True
24,1789567873.883438,0.0,True
24,1789567873.9177165,0.0011484622955322266,True
24,1789567873.9523287,0.0,True
24,1789567873.9854376,0.0009930133819580078,True
24,1789567874.0193117,0.0012576580047607422,True
24,1789567874.052685,0.0012485980987548828,True
24,1789567874.0740118,0.001142740249633789,True
24,1789567874.1062043,0.0009195804595947266,True
24,1789567874.139339,0.0012271404266357422,True
24,1789567874.1674507,0.0013725757598876953,True
24,1789567874.2020829,0.0005862712860107422,True
24,1789567874.2357743,0.0,True
24,1789567874.2690063,0.0,True
24,1789567874.3039112,0.0010132789611816406,True
24,1789567874.335741,0.0011734962463378906,True
24,1789567874.3677778,0.0007889270782470703,True
24,1789567874.400725,0.0013163089752197266,True
24,1789567874.4357529,0.0022110939025878906,True
24,1789567874.4699295,0.0006396770477294922,True
24,1789567874.5010421,0.0011513233184814453,True
24,1789567874.5359397,0.0020186901092529297,True
32,1789567902.3441963,0.017112016677856445,True
32,1789567902.3613083,0.0048274993896484375,True
32,1789567902.3661358,0.0029544830322265625,True
32,1789567902.393504,0.006163835525512695,True
32,1789567902.4260287,0.008628368377685547,True
32,1789567902.4564936,0.0005848407745361328,True
32,1789567902.4890196,0.0006165504455566406,True
32,1789567902.5101087,0.0006403923034667969,True
32,1789567902.5316036,0.0,True
32,1789567902.5602436,0.0007588863372802734,True
32,1789567902.5898998,0.0006430149078369141,True
32,1789567902.6272147,0.0010051727294921875,True
32,1789567902.6282198,0.0,True
32,1789567902.6605165,0.000728607177734375,True
32,1789567902.6925998,0.0006532669067382812,True
32,1789567902.7275836,0.0,True
32,1789567902.7623203,0.0006844997406005859,True
32,1789567902.783067,0.0012850761413574219,True
32,1789567902.7935565,0.0006167888641357422,True
32,1789567902.819239,0.0006735324859619141,True
32,1789567902.8433733,0.0003204345703125,True
32,1789567902.8689625,0.0005049705505371094,True
32,1789567902.8938587,0.0,True
32,1789567902.9247072,0.0005335807800292969,True
32,1789567902.9247072,0.0005335807800292969,True
32,1789567902.9494581,0.0007848739624023438,True
32,1789567902.9772158,0.0005619525909423828,True
32,1789567902.9991114,0.0005755424499511719,True
32,1789567903.0311587,0.0004892349243164062,True
32,1789567903.057198,0.0007631778717041016,True
32,1789567903.0898376,0.0006067752838134766,True
32,1789567903.1130662,0.0006589889526367188,True
32,1789567903.1427639,0.0005695819854736328,True
32,1789567903.1433334,0.0005245208740234375,True
32,1789567903.164411,0.0005884170532226562,True
32,1789567903.193816,0.0005288124084472656,True
32,1789567903.2187526,0.0005624294281005859,True
32,1789567903.2420108,0.0005080699920654297,True
32,1789567903.2721102,0.0007543563842773438,True
32,1789567903.2963147,0.0005059242248535156,True
32,1789567903.3277555,0.0,True
32,1789567903.360074,0.0005643367767333984,True
32,1789567903.3944552,0.0006024837493896484,True
32,1789567903.4191272,0.0,True
32,1789567903.4408317,0.0003609657287597656,True
32,1789567903.4622,0.0005347728729248047,True
32,1789567903.493682,0.0005998611450195312,True
32,1789567903.518528,0.0005097389221191406,True
32,1789567903.518528,0.0005097389221191406,True
32,1789567903.542675,0.0008819103240966797,True
32,1789567903.5640943,0.0004107952117919922,True
32,1789567903.5959167,0.0005567073822021484,True
32,1789567903.5968723,0.0,True
32,1789567903.6276534,0.0,True
32,1789567903.6500068,0.00039196014404296875,True
32,1789567903.6704264,0.0003414154052734375,True
32,1789567903.6927042,0.0009572505950927734,True
32,1789567903.722909,0.0,True
32,1789567903.745638,0.0009076595306396484,True
32,1789567903.7769327,0.0,True
32,1789567903.7999547,0.0,True
32,1789567903.8269587,0.0010056495666503906,True
32,1789567903.8535192,0.0009450912475585938,True
32,1789567903.876601,0.0012679100036621094,True
32,1789567903.877869,0.0015103816986083984,True
32,1789567903.9107513,0.0,True
32,1789567903.9311676,0.0005064010620117188,True
32,1789567903.9607198,0.0004982948303222656,True
32,1789567903.9953473,0.000576019287109375,True
32,1789567904.0164092,0.007579803466796875,True
32,1789567904.0250692,0.0,True
32,1789567904.0457263,0.0005059242248535156,True
32,1789567904.0766501,0.0006949901580810547,True
32,1789567904.1110876,0.0,True
32,1789567904.1442914,0.0005862712860107422,True
32,1789567904.1676114,0.0007445812225341797,True
32,1789567904.1898236,0.0003292560577392578,True
32,1789567904.2195373,0.0,True
32,1789567904.2427285,0.0005993843078613281,True
32,1789567904.26417,0.00075531005859375,True
32,1789567904.2923791,0.0006089210510253906,True
32,1789567904.3268125,0.0010519027709960938,True
32,1789567904.3626027,0.0006945133209228516,True
32,1789567904.3859677,0.0007424354553222656,True
32,1789567904.4080658,0.0,True
32,1789567904.4294996,0.0005035400390625,True
32,1789567904.4601324,0.00048542022705078125,True
32,1789567904.4927084,0.0007083415985107422,True
32,1789567904.515262,0.0,True
32,1789567904.5439844,0.0,True
32,1789567904.5671153,0.0006976127624511719,True
32,1789567904.5932913,0.0,True
32,1789567904.6235354,0.0005753040313720703,True
32,1789567904.6453638,0.0015037059783935547,True
32,1789567904.6764555,0.0003299713134765625,True
32,1789567904.7099855,0.0006215572357177734,True
32,1789567904.7314458,0.0007250308990478516,True
32,1789567904.760626,0.0,True
32,1789567904.78582,0.0005633831024169922,True
32,1789567904.8103502,0.0005044937133789062,True
32,1789567904.8386943,0.0005784034729003906,True
32,1789567904.8606899,0.0,True
32,1789567904.892689,0.00036072731018066406,True
32,1789567904.913968,0.0005054473876953125,True
32,1789567904.943909,0.0,True
32,1789567904.973957,0.0005829334259033203,True
32,1789567905.0088916,0.0006468296051025391,True
32,1789567905.0390437,0.0,True
32,1789567905.0741153,0.0006504058837890625,True
32,1789567905.0989592,0.0008685588836669922,True
32,1789567905.1264284,0.0007843971252441406,True
32,1789567905.1577475,0.0,True
32,1789567905.181244,0.0010797977447509766,True
32,1789567905.2096207,0.0,True
32,1789567905.243372,0.0,True
32,1789567905.2749352,0.0006046295166015625,True
32,1789567905.296454,0.0005612373352050781,True
32,1789567905.3265316,0.0005388259887695312,True
32,1789567905.347922,0.0005125999450683594,True
32,1789567905.368999,0.0006196498870849609,True
32,1789567905.403759,0.0006232261657714844,True
32,1789567905.424913,0.0006899833679199219,True
32,1789567905.4485402,0.0,True
32,1789567905.4693656,0.0,True
32,1789567905.4930832,0.0010943412780761719,True
32,1789567905.519107,0.0,True
32,1789567905.541147,0.0,True
32,1789567905.5648057,0.0010869503021240234,True
32,1789567905.570941,0.001363992691040039,True
32,1789567905.5957115,0.0005059242248535156,True
32,1789567905.6262162,0.0006871223449707031,True
32,1789567905.6584272,0.0015871524810791016,True
32,1789567905.6600144,0.0,True
32,1789567905.6926646,0.0008862018585205078,True
32,1789567905.7178614,0.003068208694458008,True
32,1789567905.743521,0.0010378360748291016,True
32,1789567905.7754252,0.0,True
32,1789567905.8050811,0.0009996891021728516,True
32,1789567905.826686,0.0,True
32,1789567905.8631973,0.0,True
32,1789567905.8946111,0.0,True
32,1789567905.9162166,0.0006670951843261719,True
32,1789567905.9507327,0.0011854171752929688,True
32,1789567905.9768584,0.0010409355163574219,True
32,1789567906.0094438,0.0006361007690429688,True
32,1789567906.042839,0.0011272430419921875,True
32,1789567906.0639732,0.0017380714416503906,True
32,1789567906.0768547,0.0010101795196533203,True
32,1789567906.1093183,0.0006256103515625,True
32,1789567906.1408012,0.0007257461547851562,True
32,1789567906.1638162,0.0,True
32,1789567906.1854475,0.0006127357482910156,True
32,1789567906.209674,0.0006191730499267578,True
32,1789567906.2424157,0.00066375732421875,True
32,1789567906.2761707,0.0010159015655517578,True
32,1789567906.299892,0.0006227493286132812,True
32,1789567906.3228142,0.0006506443023681641,True
32,1789567906.3434813,0.0007207393646240234,True
32,1789567906.3759327,0.0,True
32,1789567906.4097345,0.0005075931549072266,True
32,1789567906.4431605,0.0007221698760986328,True
32,1789567906.4664557,0.0,True
32,1789567906.4928708,0.0005745887756347656,True
32,1789567906.5184677,0.0008699893951416016,True
32,1789567906.5425646,0.0006330013275146484,True
32,1789567906.576846,0.0010099411010742188,True
32,1789567906.609626,0.0011739730834960938,True
32,1789567906.6313088,0.0009396076202392578,True
32,1789567906.6601617,0.0006098747253417969,True
32,1789567906.6860743,0.0007662773132324219,True
32,1789567906.7069502,0.0003151893615722656,True
32,1789567906.7286909,0.0010745525360107422,True
32,1789567906.7601497,0.0003178119659423828,True
32,1789567906.792312,0.0004875659942626953,True
32,1789567906.8136768,0.0004329681396484375,True
32,1789567906.844433,0.0006029605865478516,True
32,1789567906.876793,0.0006182193756103516,True
32,1789567906.8994737,0.0007128715515136719,True
32,1789567906.9241326,0.0006721019744873047,True
32,1789567906.9248047,0.0,True
32,1789567906.9591918,0.0008704662322998047,True
32,1789567906.981135,0.0009102821350097656,True
32,1789567907.0163858,0.0003323554992675781,True
32,1789567907.0389254,0.0005040168762207031,True
32,1789567907.0746279,0.0010695457458496094,True
32,1789567907.1096036,0.0010094642639160156,True
32,1789567907.1325803,0.00048041343688964844,True
32,1789567907.1535287,0.0004525184631347656,True
32,1789567907.1840324,0.0,True
32,1789567907.2097173,0.000514984130859375,True
32,1789567907.2373583,0.0007486343383789062,True
32,1789567907.2593644,0.0006036758422851562,True
32,1789567907.2877188,0.0005085468292236328,True
32,1789567907.30905,0.0,True
32,1789567907.3413708,0.000843048095703125,True
32,1789567907.374385,0.0006890296936035156,True
32,1789567907.397017,0.0,True
32,1789567907.417431,0.00069427490234375,True
32,1789567907.4422946,0.0007479190826416016,True
32,1789567907.4692607,0.0005290508270263672,True
32,1789567907.5007021,0.0005741119384765625,True
32,1789567907.5243747,0.0006399154663085938,True
32,1789567907.559654,0.0005710124969482422,True
32,1789567907.5853248,0.008248329162597656,True
32,1789567907.6186216,0.0006403923034667969,True
32,1789567907.6425571,0.0011532306671142578,True
32,1789567907.6437104,0.0,True
32,1789567907.665205,0.0,True
32,1789567907.69368,0.0005745887756347656,True
32,1789567907.7267308,0.0006434917449951172,True
32,1789567907.7607768,0.0005893707275390625,True
32,1789567907.79368,0.0,True
32,1789567907.8250299,0.0010828971862792969,True
32,1789567907.8602698,0.00040340423583984375,True
32,1789567907.8934915,0.0,True
32,1789567907.8934915,0.0,True
32,1789567907.9146106,0.0007023811340332031,True
32,1789567907.943944,0.0012078285217285156,True
32,1789567907.9778814,0.0,True
32,1789567908.0106165,0.0,True
32,1789567908.042737,0.0003848075866699219,True
32,1789567908.0761983,0.0005795955657958984,True
32,1789567908.1104248,0.0009253025054931641,True
32,1789567908.1424575,0.0011067390441894531,True
32,1789567908.1584299,0.0007257461547851562,True
32,1789567908.1598206,0.003571033477783203,True
32,1789567908.1945307,0.0006093978881835938,True
32,1789567908.215626,0.000705718994140625,True
32,1789567908.2421756,0.0005059242248535156,True
32,1789567908.2777264,0.0,True
32,1789567908.3107169,0.0015277862548828125,True
32,1789567908.3433502,0.0006525516510009766,True
32,1789567908.3758664,0.0010275840759277344,True
32,1789567908.4111004,0.0005733966827392578,True
32,1789567908.442427,0.001329183578491211,True
32,1789567908.4766357,0.0,True
32,1789567908.5092375,0.001007080078125,True
32,1789567908.5316932,0.0,True
32,1789567908.5603611,0.0005276203155517578,True
32,1789567908.5939975,0.004338502883911133,True
32,1789567908.600963,0.0,True
32,1789567908.6269486,0.0007328987121582031,True
32,1789567908.6276815,0.0,True
32,1789567908.6594844,0.00066375732421875,True
32,1789567908.6937408,0.001130819320678711,True
32,1789567908.7269075,0.0008478164672851562,True
32,1789567908.7604523,0.0012526512145996094,True
32,1789567908.7942748,0.0,True
32,1789567908.826934,0.0007598400115966797,True
32,1789567908.8483055,0.0005552768707275391,True
32,1789567908.880196,0.0010802745819091797,True
32,1789567908.9104285,0.0006730556488037109,True
32,1789567908.9295478,0.0015265941619873047,True
32,1789567908.958588,0.0005381107330322266,True
32,1789567908.9941683,0.0,True
32,1789567909.0254712,0.0006961822509765625,True
32,1789567909.0601113,0.0006418228149414062,True
32,1789567909.0941284,0.0,True
32,1789567909.1151917,0.0,True
32,1789567909.1417005,0.001909017562866211,True
32,1789567909.1436095,0.0,True
32,1789567909.1778493,0.0,True
32,1789567909.2106726,0.001661062240600586,True
32,1789567909.2424173,0.0007903575897216797,True
32,1789567909.276931,0.0005323886871337891,True
32,1789567909.30916,0.0015025138854980469,True
32,1789567909.3405273,0.0015635490417480469,True
32,1789567909.375633,0.0,True
32,1789567909.4103703,0.0007479190826416016,True
32,1789567909.4446778,0.0007622241973876953,True
32,1789567909.476492,0.0,True
32,1789567909.5092456,0.0008184909820556641,True
32,1789567909.543378,0.0006144046783447266,True
32,1789567909.575068,0.0012829303741455078,True
32,1789567909.6100285,0.001009225845336914,True
32,1789567909.642288,0.0010192394256591797,True
32,1789567909.6603937,0.0,True
32,1789567909.694062,0.0006227493286132812,True
32,1789567909.7251449,0.001355886459350586,True
32,1789567909.7607524,0.0,True
32,1789567909.792576,0.0013065338134765625,True
32,1789567909.825587,0.0006635189056396484,True
32,1789567909.8463886,0.0007169246673583984,True
32,1789567909.8471055,0.0015380382537841797,True
32,1789567909.8781402,0.0008025169372558594,True
32,1789567909.9089136,0.0012557506561279297,True
32,1789567909.9101694,0.0006678104400634766,True
32,1789567909.9441645,0.0013358592987060547,True
32,1789567909.975719,0.0007753372192382812,True
32,1789567910.0101073,0.0007796287536621094,True
32,1789567910.0436158,0.0013761520385742188,True
32,1789567910.075155,0.0007634162902832031,True
32,1789567910.1099348,0.000827789306640625,True
32,1789567910.143382,0.0,True
32,1789567910.1747236,0.0012259483337402344,True
32,1789567910.2111068,0.0005128383636474609,True
32,1789567910.2421875,0.0005109310150146484,True
32,1789567910.264023,0.0005102157592773438,True
32,1789567910.2930193,0.0005733966827392578,True
32,1789567910.324803,0.0015425682067871094,True
32,1789567910.3608952,0.000728607177734375,True
32,1789567910.392018,0.0004055500030517578,True
32,1789567910.4251702,0.000667572021484375,True
32,1789567910.4608033,0.0,True
32,1789567910.4965625,0.0018417835235595703,True
32,1789567910.5244749,0.0006816387176513672,True
32,1789567910.5590477,0.0,True
32,1789567910.592708,0.0005269050598144531,True
32,1789567910.6251187,0.0007293224334716797,True
32,1789567910.6463983,0.0,True
32,1789567910.6743505,0.0014562606811523438,True
32,1789567910.6758068,0.0,True
32,1789567910.7109797,0.0007205009460449219,True
32,1789567910.7431738,0.001249551773071289,True
32,1789567910.7764204,0.0007703304290771484,True
32,1789567910.8097587,0.001081228256225586,True
32,1789567910.8319268,0.0016236305236816406,True
32,1789567910.85971,0.0011816024780273438,True
32,1789567910.8906076,0.0007221698760986328,True
32,1789567910.9253168,0.0004508495330810547,True
32,1789567910.9586384,0.0006339550018310547,True
32,1789567910.993647,0.0006749629974365234,True
32,1789567911.0255036,0.0,True
32,1789567911.0603118,0.0005300045013427734,True
32,1789567911.093954,0.0,True
32,1789567911.1248572,0.0012099742889404297,True
32,1789567911.1573744,0.0009837150573730469,True
32,1789567911.1787274,0.0010907649993896484,True
32,1789567911.209433,0.0005166530609130859,True
32,1789567911.2400105,0.0014200210571289062,True
32,1789567911.2741563,0.0012428760528564453,True
32,1789567911.2955186,0.0,True
32,1789567911.3272831,0.0010166168212890625,True
32,1789567911.3595538,0.0013842582702636719,True
32,1789567911.393209,0.0005271434783935547,True
32,1789567911.3937361,0.0005862712860107422,True
32,1789567911.425388,0.0005686283111572266,True
32,1789567911.4259567,0.0,True
32,1789567911.4595678,0.0013027191162109375,True
32,1789567911.4906173,0.0007011890411376953,True
32,1789567911.511954,0.00080108642578125,True
32,1789567911.5416608,0.0007016658782958984,True
32,1789567911.5766282,0.0006139278411865234,True
32,1789567911.6123188,0.0009145736694335938,True
32,1789567911.6123188,0.0009145736694335938,True
32,1789567911.6429226,0.0006127357482910156,True
32,1789567911.6435354,0.0,True
32,1789567911.675071,0.0007884502410888672,True
32,1789567911.710131,0.0005047321319580078,True
32,1789567911.742449,0.0,True
32,1789567911.7638042,0.0006165504455566406,True
32,1789567911.794489,0.001340627670288086,True
32,1789567911.8248549,0.0005340576171875,True
32,1789567911.8602247,0.0005979537963867188,True
32,1789567911.8933814,0.0006420612335205078,True
32,1789567911.9246638,0.000682830810546875,True
32,1789567911.959424,0.0005211830139160156,True
32,1789567911.9908183,0.000789642333984375,True
32,1789567912.0244224,0.0012066364288330078,True
32,1789567912.046579,0.0005962848663330078,True
32,1789567912.076177,0.0,True
32,1789567912.1094043,0.0007450580596923828,True
32,1789567912.1403754,0.0007634162902832031,True
32,1789567912.1628082,0.0,True
32,1789567912.194268,0.0007464885711669922,True
32,1789567912.225139,0.0005528926849365234,True
32,1789567912.2592523,0.0015079975128173828,True
32,1789567912.2928145,0.0006036758422851562,True
32,1789567912.3262537,0.0,True
32,1789567912.3591835,0.0010128021240234375,True
32,1789567912.3904207,0.0008254051208496094,True
32,1789567912.4257324,0.00036787986755371094,True
32,1789567912.4602063,0.0006082057952880859,True
32,1789567912.4902089,0.0011794567108154297,True
32,1789567912.5149906,0.0004749298095703125,True
32,1789567912.5402706,0.001192331314086914,True
32,1789567912.5724275,0.00067138671875,True
32,1789567912.6020439,0.0006299018859863281,True
32,1789567912.62642,0.0004425048828125,True
32,1789567912.6587794,0.0011734962463378906,True
32,1789567912.6605468,0.0,True
32,1789567912.6818206,0.001714468002319336,True
32,1789567912.709146,0.0013051033020019531,True
32,1789567912.7422829,0.0007684230804443359,True
32,1789567912.7751095,0.0010099411010742188,True
32,1789567912.809433,0.0011379718780517578,True
32,1789567912.842352,0.0006129741668701172,True
32,1789567912.8749955,0.0005636215209960938,True
32,1789567912.9094071,0.0005252361297607422,True
32,1789567912.942466,0.0007157325744628906,True
32,1789567912.9751804,0.0005369186401367188,True
32,1789567913.0091813,0.0013201236724853516,True
32,1789567913.0423808,0.001108407974243164,True
32,1789567913.0766315,0.0010111331939697266,True
32,1789567913.1091864,0.0007534027099609375,True
32,1789567913.1403458,0.0006401538848876953,True
32,1789567913.175616,0.0,True
32,1789567913.175616,0.0,True
32,1789567913.2091024,0.0011603832244873047,True
32,1789567913.241294,0.0008897781372070312,True
32,1789567913.2728355,0.0018949508666992188,True
32,1789567913.2955785,0.0006930828094482422,True
32,1789567913.3258662,0.0006735324859619141,True
32,1789567913.358274,0.0006563663482666016,True
32,1789567913.3913507,0.0,True
32,1789567913.4142058,0.0005090236663818359,True
32,1789567913.4427493,0.0008697509765625,True
32,1789567913.480862,0.0010447502136230469,True
32,1789567913.5081596,0.0006930828094482422,True
32,1789567913.5435894,0.0007052421569824219,True
32,1789567913.5764763,0.0010085105895996094,True
32,1789567913.6109216,0.0012886524200439453,True
32,1789567913.6122103,0.0,True
32,1789567913.644185,0.0010752677917480469,True
32,1789567913.676685,0.0,True
32,1789567913.7090156,0.0007450580596923828,True
32,1789567913.743986,0.0010232925415039062,True
32,1789567913.7756436,0.0,True
32,1789567913.8089979,0.0007777214050292969,True
32,1789567913.8416584,0.0012116432189941406,True
32,1789567913.875272,0.0,True
32,1789567913.9088728,0.001222848892211914,True
32,1789567913.9100957,0.0004754066467285156,True
32,1789567913.9394798,0.001168966293334961,True
32,1789567913.9406488,0.0,True
32,1789567913.9755218,0.0,True
32,1789567914.0088892,0.0007433891296386719,True
32,1789567914.0426404,0.0011010169982910156,True
32,1789567914.0776684,0.0,True
32,1789567914.1088755,0.0007596015930175781,True
32,1789567914.1415954,0.0013554096221923828,True
32,1789567914.1755114,0.0,True
32,1789567914.1755114,0.0010035037994384766,True
32,1789567914.2088525,0.001298666000366211,True
32,1789567914.2404592,0.0007424354553222656,True
32,1789567914.2752407,0.0005533695220947266,True
32,1789567914.3086338,0.0006184577941894531,True
32,1789567914.3421996,0.0007176399230957031,True
32,1789567914.3751333,0.0,True
32,1789567914.409004,0.0,True
32,1789567914.441224,0.001050710678100586,True
32,1789567914.475245,0.0,True
32,1789567914.4903173,0.0005917549133300781,True
32,1789567914.5241752,0.0011119842529296875,True
32,1789567914.5563705,0.001056671142578125,True
32,1789567914.5776496,0.001596689224243164,True
32,1789567914.6076634,0.0007708072662353516,True
32,1789567914.6293795,0.0013799667358398438,True
32,1789567914.6580217,0.0007588863372802734,True
32,1789567914.6921175,0.0005352497100830078,True
32,1789567914.7099812,0.0007367134094238281,True
32,1789567914.7432952,0.0010387897491455078,True
32,1789567914.7759225,0.0006167888641357422,True
32,1789567914.8082154,0.0010137557983398438,True
32,1789567914.8413143,0.0,True
32,1789567914.8752408,0.0005218982696533203,True
32,1789567914.9085228,0.0011124610900878906,True
32,1789567914.9242637,0.0,True
32,1789567914.9574835,0.0010123252868652344,True
32,1789567914.9934587,0.0,True
32,1789567915.0244963,0.0010170936584472656,True
32,1789567915.0574152,0.0005602836608886719,True
32,1789567915.0915365,0.0010123252868652344,True
32,1789567915.12421,0.0012516975402832031,True
32,1789567915.1578515,0.0,True
32,1789567915.1923556,0.0005288124084472656,True
32,1789567915.225481,0.0006742477416992188,True
32,1789567915.2568674,0.000988006591796875,True
32,1789567915.2904744,0.0,True
32,1789567915.3227444,0.0005867481231689453,True
32,1789567915.3573332,0.0,True
32,1789567915.3912215,0.0,True
32,1789567915.4245126,0.0005381107330322266,True
32,1789567915.4250507,0.0010128021240234375,True
32,1789567915.4574952,0.0007715225219726562,True
32,1789567915.4905567,0.0,True
32,1789567915.524053,0.0006496906280517578,True
32,1789567915.5574453,0.00040650367736816406,True
32,1789567915.5930495,0.0009121894836425781,True
32,1789567915.6231196,0.0011031627655029297,True
32,1789567915.6576707,0.0011281967163085938,True
32,1789567915.691612,0.0010173320770263672,True
32,1789567915.7239935,0.0005261898040771484,True
32,1789567915.7583528,0.0014967918395996094,True
32,1789567915.7982204,0.0,True
32,1789567915.8229105,0.0015265941619873047,True
32,1789567915.857738,0.0006606578826904297,True
32,1789567915.8632638,0.0,True
32,1789567915.8933635,0.0,True
32,1789567915.8933635,0.0,True
32,1789567915.9132917,0.0,True
32,1789567915.9415274,0.0009801387786865234,True
32,1789567915.9693644,0.006918430328369141,True
32,1789567915.9762828,0.0,True
32,1789567916.0070817,0.0009164810180664062,True
32,1789567916.0296185,0.0020630359649658203,True
32,1789567916.0571246,0.0010123252868652344,True
32,1789567916.0928845,0.0005817413330078125,True
32,1789567916.1247842,0.0005354881286621094,True
32,1789567916.1569605,0.001131296157836914,True
32,1789567916.1796834,0.0006122589111328125,True
32,1789567916.2075152,0.0010149478912353516,True
32,1789567916.2399411,0.0006663799285888672,True
32,1789567916.2757459,0.0,True
32,1789567916.2964683,0.0017826557159423828,True
32,1789567916.3246295,0.0005970001220703125,True
32,1789567916.357019,0.0007483959197998047,True
32,1789567916.3900983,0.0010633468627929688,True
32,1789567916.4238918,0.0010800361633300781,True
32,1789567916.441459,0.0006587505340576172,True
32,1789567916.4744978,0.00054931640625,True
32,1789567916.506932,0.0,True
32,1789567916.538318,0.0012695789337158203,True
32,1789567916.5742328,0.0010170936584472656,True
32,1789567916.607452,0.0,True
32,1789567916.642845,0.0005633831024169922,True
32,1789567916.6434083,0.0005033016204833984,True
32,1789567916.6751442,0.0,True
32,1789567916.6751442,0.0010390281677246094,True
32,1789567916.7075999,0.0010030269622802734,True
32,1789567916.7427123,0.0007059574127197266,True
32,1789567916.7740154,0.0010144710540771484,True
32,1789567916.8073223,0.0,True
32,1789567916.8391583,0.0010080337524414062,True
32,1789567916.8750982,0.0011916160583496094,True
32,1789567916.9071755,0.0010912418365478516,True
32,1789567916.941369,0.0,True
32,1789567916.975567,0.0,True
32,1789567917.0082345,0.0010254383087158203,True
32,1789567917.0411844,0.0,True
32,1789567917.0614567,0.0012128353118896484,True
32,1789567917.0897243,0.0007388591766357422,True
32,1789567917.1235332,0.0008852481842041016,True
32,1789567917.1559527,0.0012447834014892578,True
32,1789567917.1923344,0.0005240440368652344,True
32,1789567917.2245557,0.0,True
32,1789567917.2559376,0.0006673336029052734,True
32,1789567917.2766645,0.0005156993865966797,True
32,1789567917.3086324,0.0,True
32,1789567917.3401742,0.0005862712860107422,True
32,1789567917.3647969,0.0006647109985351562,True
32,1789567917.390417,0.0006768703460693359,True
32,1789567917.4245484,0.0005943775177001953,True
32,1789567917.4257038,0.0,True
32,1789567917.4581597,0.0006837844848632812,True
32,1789567917.4889147,0.0010592937469482422,True
32,1789567917.5233474,0.0014185905456542969,True
32,1789567917.5566466,0.00033926963806152344,True
32,1789567917.5784318,0.0019154548645019531,True
32,1789567917.6101224,0.0005452632904052734,True
32,1789567917.6437666,0.0003371238708496094,True
32,1789567917.6437666,0.0003371238708496094,True
32,1789567917.6739664,0.0011398792266845703,True
32,1789567917.6924863,0.0011277198791503906,True
32,1789567917.7247329,0.000514984130859375,True
32,1789567917.7578082,0.0006318092346191406,True
32,1789567917.792609,0.0007734298706054688,True
32,1789567917.823437,0.0005757808685302734,True
32,1789567917.857824,0.0007309913635253906,True
32,1789567917.8896227,0.0007526874542236328,True
32,1789567917.9242673,0.0015034675598144531,True
32,1789567917.9257708,0.0,True
32,1789567917.958404,0.0,True
32,1789567917.9898243,0.0005338191986083984,True
32,1789567918.0241609,0.0008404254913330078,True
32,1789567918.057571,0.0,True
32,1789567918.0909386,0.022325992584228516,True
32,1789567918.1132646,0.0,True
32,1789567918.1392772,0.001459360122680664,True
32,1789567918.1743374,0.0005593299865722656,True
32,1789567918.1748967,0.0005419254302978516,True
32,1789567918.2070272,0.0007281303405761719,True
32,1789567918.2394269,0.0006368160247802734,True
32,1789567918.2729568,0.001089334487915039,True
32,1789567918.307173,0.0,True
32,1789567918.3283696,0.0012359619140625,True
32,1789567918.3580081,0.0022287368774414062,True
32,1789567918.390209,0.0007545948028564453,True
32,1789567918.4244964,0.0006098747253417969,True
32,1789567918.4251063,0.0006022453308105469,True
32,1789567918.4567845,0.0006928443908691406,True
32,1789567918.4897618,0.00033855438232421875,True
32,1789567918.524134,0.0005316734313964844,True
32,1789567918.554122,0.0007178783416748047,True
32,1789567918.57911,0.001049041748046875,True
32,1789567918.6061752,0.0006759166717529297,True
32,1789567918.6404507,0.0005738735198974609,True
32,1789567918.673801,0.0005342960357666016,True
32,1789567918.706844,0.0010950565338134766,True
32,1789567918.7301335,0.0,True
32,1789567918.7596529,0.00051116943359375,True
32,1789567918.7923043,0.0005083084106445312,True
32,1789567918.8233788,0.00113677978515625,True
32,1789567918.8568118,0.0006015300750732422,True
32,1789567918.888359,0.0007495880126953125,True
32,1789567918.9248486,0.0005176067352294922,True
32,1789567918.9253662,0.0,True
32,1789567918.9562943,0.0011138916015625,True
32,1789567918.991617,0.0005652904510498047,True
32,1789567919.0255322,0.0006194114685058594,True
32,1789567919.0609305,0.0013391971588134766,True
32,1789567919.0915165,0.0005688667297363281,True
32,1789567919.1235628,0.0014553070068359375,True
32,1789567919.1538596,0.0007922649383544922,True
32,1789567919.189593,0.0011360645294189453,True
32,1789567919.1907291,0.0010135173797607422,True
32,1789567919.2241077,0.0010802745819091797,True
32,1789567919.2570372,0.002017498016357422,True
32,1789567919.2881591,0.0018329620361328125,True
32,1789567919.322992,0.002301931381225586,True
32,1789567919.3584328,0.00153350830078125,True
32,1789567919.389487,0.0007691383361816406,True
32,1789567919.4233103,0.0011219978332519531,True
32,1789567919.4568346,0.0006237030029296875,True
32,1789567919.4882836,0.0016677379608154297,True
32,1789567919.5228097,0.0,True
32,1789567919.553879,0.0007076263427734375,True
32,1789567919.5897086,0.0005338191986083984,True
32,1789567919.6253982,0.0010192394256591797,True
32,1789567919.6567233,0.0012340545654296875,True
32,1789567919.689878,0.0,True
32,1789567919.722951,0.0018124580383300781,True
32,1789567919.7563524,0.0,True
32,1789567919.7771008,0.0,True
32,1789567919.8066869,0.0,True
32,1789567919.8405483,0.0,True
32,1789567919.8612237,0.0010232925415039062,True
32,1789567919.862247,0.0012464523315429688,True
32,1789567919.8923368,0.0005099773406982422,True
32,1789567919.923998,0.0003261566162109375,True
32,1789567919.957405,0.001013040542602539,True
32,1789567919.9897594,0.0005209445953369141,True
32,1789567920.0242188,0.0004248619079589844,True
32,1789567920.0585573,0.0005495548248291016,True
32,1789567920.0914137,0.0010004043579101562,True
32,1789567920.122891,0.0,True
32,1789567920.1554978,0.00047588348388671875,True
32,1789567920.1887827,0.002959012985229492,True
32,1789567920.1917417,0.0010099411010742188,True
32,1789567920.2230985,0.002617359161376953,True
32,1789567920.2588284,0.0,True
32,1789567920.2930493,0.0005071163177490234,True
32,1789567920.3227518,0.0,True
32,1789567920.358149,0.0007600784301757812,True
32,1789567920.3893092,0.0011811256408691406,True
32,1789567920.422929,0.0,True
32,1789567920.4579413,0.0,True
32,1789567920.488679,0.0006320476531982422,True
32,1789567920.5207045,0.0,True
32,1789567920.5563889,0.0011301040649414062,True
32,1789567920.5655043,0.003634929656982422,True
32,1789567920.5892093,0.0010113716125488281,True
32,1789567920.624267,0.0,True
32,1789567920.658282,0.0,True
32,1789567920.6794693,0.0005109310150146484,True
32,1789567920.7087955,0.0,True
32,1789567920.7297032,0.0005240440368652344,True
32,1789567920.7568164,0.0009975433349609375,True
32,1789567920.7910373,0.0008242130279541016,True
32,1789567920.8220322,0.0010824203491210938,True
32,1789567920.8576324,0.0008172988891601562,True
32,1789567920.8892906,0.0009028911590576172,True
32,1789567920.9241247,0.0011053085327148438,True
32,1789567920.92523,0.0,True
32,1789567920.9565837,0.0014181137084960938,True
32,1789567920.9892714,0.0007417201995849609,True
32,1789567921.0243118,0.0007066726684570312,True
32,1789567921.0588093,0.001537322998046875,True
32,1789567921.0921571,0.0005135536193847656,True
32,1789567921.1241946,0.0006058216094970703,True
32,1789567921.1564329,0.0,True
32,1789567921.1911306,0.0006070137023925781,True
32,1789567921.2229707,0.0013158321380615234,True
32,1789567921.2559211,0.0,True
32,1789567921.2890975,0.0015404224395751953,True
32,1789567921.3228126,0.0,True
32,1789567921.3583937,0.0,True
32,1789567921.3891435,0.0013246536254882812,True
32,1789567921.4232373,0.0,True
32,1789567921.4546988,0.0012471675872802734,True
32,1789567921.455946,0.0015592575073242188,True
32,1789567921.4881597,0.0017216205596923828,True
32,1789567921.5207322,0.0007989406585693359,True
32,1789567921.5553079,0.0005385875701904297,True
32,1789567921.5884256,0.0012645721435546875,True
32,1789567921.6250618,0.0,True
32,1789567921.657437,0.0,True
32,1789567921.6878996,0.0007700920104980469,True
32,1789567921.7235496,0.0005352497100830078,True
32,1789567921.756812,0.0009946823120117188,True
32,1789567921.791142,0.0,True
32,1789567921.8227766,0.0017879009246826172,True
32,1789567921.856378,0.0,True
32,1789567921.8905077,0.0007681846618652344,True
32,1789567921.9233077,0.0005738735198974609,True
32,1789567921.9565387,0.0,True
32,1789567921.9888904,0.0010976791381835938,True
32,1789567922.0221267,0.0007660388946533203,True
32,1789567922.0565083,0.0010004043579101562,True
32,1789567922.0889184,0.0005099773406982422,True
32,1789567922.1246877,0.0007243156433105469,True
32,1789567922.1574025,0.0,True
32,1789567922.192459,0.0016911029815673828,True
32,1789567922.2242815,0.0010099411010742188,True
32,1789567922.2554069,0.0,True
32,1789567922.2888515,0.0005333423614501953,True
32,1789567922.3224196,0.0007092952728271484,True
32,1789567922.3561277,0.0,True
32,1789567922.3886547,0.0005364418029785156,True
32,1789567922.4227839,0.0007119178771972656,True
32,1789567922.457082,0.0,True
32,1789567922.4885428,0.0007691383361816406,True
32,1789567922.5214114,0.0005393028259277344,True
32,1789567922.5553944,0.0016007423400878906,True
32,1789567922.5879576,0.0007321834564208984,True
32,1789567922.6240976,0.0005075931549072266,True
32,1789567922.6563654,0.0,True
32,1789567922.689183,0.001325845718383789,True
32,1789567922.7059155,0.0005340576171875,True
32,1789567922.7404015,0.0005474090576171875,True
32,1789567922.774476,0.0005738735198974609,True
32,1789567922.8065288,0.0,True
32,1789567922.839043,0.0005786418914794922,True
32,1789567922.8725436,0.0005199909210205078,True
32,1789567922.9057567,0.0,True
32,1789567922.9400153,0.0006089210510253906,True
32,1789567922.9406242,0.0007443428039550781,True
32,1789567922.9730585,0.0005781650543212891,True
32,1789567923.0041013,0.0007326602935791016,True
32,1789567923.0404615,0.00086212158203125,True
32,1789567923.0741029,0.0005130767822265625,True
32,1789567923.1057587,0.0,True
32,1789567923.1390913,0.0,True
32,1789567923.1708033,0.0015416145324707031,True
32,1789567923.2058036,0.0009317398071289062,True
32,1789567923.240372,0.0005743503570556641,True
32,1789567923.273101,0.0007464885711669922,True
32,1789567923.3039114,0.001169443130493164,True
32,1789567923.3391156,0.0,True
32,1789567923.3743875,0.0005853176116943359,True
32,1789567923.405739,0.0007069110870361328,True
32,1789567923.4395094,0.0,True
32,1789567923.4734807,0.0,True
32,1789567923.5054078,0.0,True
32,1789567923.5394294,0.0006561279296875,True
32,1789567923.5723662,0.0007555484771728516,True
32,1789567923.6081002,0.0006372928619384766,True
32,1789567923.640207,0.0,True
32,1789567923.6737466,0.0010828971862792969,True
32,1789567923.6888807,0.0,True
32,1789567923.7242649,0.0006434917449951172,True
32,1789567923.7569413,0.0010170936584472656,True
32,1789567923.7783966,0.0012807846069335938,True
32,1789567923.805509,0.0,True
32,1789567923.8403628,0.0,True
32,1789567923.8740895,0.0015478134155273438,True
32,1789567923.9068503,0.0009844303131103516,True
32,1789567923.9391804,0.0010077953338623047,True
32,1789567923.9401882,0.0005056858062744141,True
32,1789567923.9767082,0.0,True
32,1789567924.0046844,0.001050710678100586,True
32,1789567924.0391145,0.0013120174407958984,True
32,1789567924.0731761,0.0010068416595458984,True
32,1789567924.1045074,0.00031280517578125,True
32,1789567924.1391551,0.0,True
32,1789567924.1605303,0.0,True
32,1789567924.1923137,0.0009107589721679688,True
32,1789567924.2221634,0.0013203620910644531,True
32,1789567924.2561924,0.0010600090026855469,True
32,1789567924.2913077,0.0,True
32,1789567924.3243876,0.001007080078125,True
32,1789567924.3550718,0.002034425735473633,True
32,1789567924.3884952,0.0015380382537841797,True
32,1789567924.4219835,0.0012192726135253906,True
32,1789567924.4556973,0.000843048095703125,True
32,1789567924.4565403,0.0005276203155517578,True
32,1789567924.488531,0.0006716251373291016,True
32,1789567924.5208232,0.0020961761474609375,True
32,1789567924.5553238,0.0010051727294921875,True
32,1789567924.590395,0.0010135173797607422,True
32,1789567924.624397,0.0,True
32,1789567924.6552708,0.0,True
32,1789567924.6888146,0.0007393360137939453,True
32,1789567924.710808,0.0018939971923828125,True
32,1789567924.7438087,0.0,True
32,1789567924.7755172,0.0010254383087158203,True
32,1789567924.8052351,0.0,True
32,1789567924.8401644,0.0007016658782958984,True
32,1789567924.8741846,0.0010542869567871094,True
32,1789567924.9081988,0.0,True
32,1789567924.9380617,0.0009520053863525391,True
32,1789567924.9713607,0.001013040542602539,True
32,1789567924.9723737,0.0006558895111083984,True
32,1789567925.004718,0.0008718967437744141,True
32,1789567925.038511,0.00064849853515625,True
32,1789567925.0723774,0.0006656646728515625,True
32,1789567925.1060767,0.0010666847229003906,True
32,1789567925.1370993,0.0009472370147705078,True
32,1789567925.1714787,0.0004057884216308594,True
32,1789567925.2046027,0.0010139942169189453,True
32,1789567925.2427535,0.0006983280181884766,True
32,1789567925.2739658,0.0005779266357421875,True
32,1789567925.3055742,0.0012271404266357422,True
32,1789567925.3381212,0.0011720657348632812,True
32,1789567925.3718367,0.0005285739898681641,True
32,1789567925.404681,0.0010137557983398438,True
32,1789567925.4384568,0.0,True
32,1789567925.4719105,0.0007472038269042969,True
32,1789567925.5050075,0.0,True
32,1789567925.5372021,0.0008471012115478516,True
32,1789567925.571417,0.0009686946868896484,True
32,1789567925.6044343,0.001178741455078125,True
32,1789567925.638464,0.0009174346923828125,True
32,1789567925.6718948,0.0012814998626708984,True
32,1789567925.7060988,0.0010042190551757812,True
32,1789567925.7060988,0.0010042190551757812,True
32,1789567925.739069,0.0011439323425292969,True
32,1789567925.7723172,0.0,True
32,1789567925.8050444,0.0,True
32,1789567925.8384473,0.0005197525024414062,True
32,1789567925.8731241,0.0023436546325683594,True
32,1789567925.904608,0.0010144710540771484,True
32,1789567925.940293,0.0005016326904296875,True
32,1789567925.9718966,0.0003044605255126953,True
32,1789567926.0055618,0.0,True
32,1789567926.0383263,0.0007219314575195312,True
32,1789567926.05948,0.0013048648834228516,True
32,1789567926.0895665,0.0015578269958496094,True
32,1789567926.1227977,0.0,True
32,1789567926.1545024,0.0003402233123779297,True
32,1789567926.1883817,0.0,True
32,1789567926.2220147,0.0006701946258544922,True
32,1789567926.2220147,0.0006701946258544922,True
32,1789567926.2544703,0.0010178089141845703,True
32,1789567926.2879395,0.0010662078857421875,True
32,1789567926.3219438,0.0005316734313964844,True
32,1789567926.3544738,0.0010139942169189453,True
32,1789567926.3878956,0.0012362003326416016,True
32,1789567926.4223661,0.0005471706390380859,True
32,1789567926.454535,0.0,True
32,1789567926.4878807,0.0007951259613037109,True
32,1789567926.5203958,0.0009465217590332031,True
32,1789567926.5537424,0.0006322860717773438,True
32,1789567926.587891,0.0012094974517822266,True
32,1789567926.6222122,0.0,True
32,1789567926.6547499,0.0005810260772705078,True
32,1789567926.6880302,0.0,True
32,1789567926.7108479,0.002039670944213867,True
32,1789567926.7405245,0.0010170936584472656,True
32,1789567926.772441,0.0006024837493896484,True
32,1789567926.8048024,0.0,True
32,1789567926.8263652,0.0005130767822265625,True
32,1789567926.8542333,0.0,True
32,1789567926.8877332,0.0005166530609130859,True
32,1789567926.9232223,0.0008108615875244141,True
32,1789567926.9553838,0.0018284320831298828,True
32,1789567926.9572122,0.0,True
32,1789567926.9892092,0.0010819435119628906,True
32,1789567927.0228777,0.0,True
32,1789567927.0544353,0.0,True
32,1789567927.087752,0.0005280971527099609,True
32,1789567927.121971,0.0,True
32,1789567927.1523767,0.002328157424926758,True
32,1789567927.1879346,0.0,True
32,1789567927.2230551,0.0009031295776367188,True
32,1789567927.2541215,0.0011484622955322266,True
32,1789567927.2882543,0.0009291172027587891,True
32,1789567927.323123,0.0010073184967041016,True
32,1789567927.3541312,0.0011322498321533203,True
32,1789567927.3891299,0.0006382465362548828,True
32,1789567927.4211564,0.0012042522430419922,True
32,1789567927.4539797,0.0006606578826904297,True
32,1789567927.4880598,0.0,True
32,1789567927.5231354,0.0,True
32,1789567927.5541859,0.0003190040588378906,True
32,1789567927.5876117,0.0008444786071777344,True
32,1789567927.6097221,0.00103759765625,True
32,1789567927.6421635,0.0005125999450683594,True
32,1789567927.6712956,0.0010590553283691406,True
32,1789567927.7046442,0.0,True
32,1789567927.7265246,0.0026803016662597656,True
32,1789567927.7582655,0.0008878707885742188,True
32,1789567927.7924488,0.001020193099975586,True
32,1789567927.8211787,0.0011277198791503906,True
32,1789567927.8541174,0.0,True
32,1789567927.8743947,0.0006709098815917969,True
32,1789567927.905205,0.001007080078125,True
32,1789567927.9391267,0.0,True
32,1789567927.9721336,0.0,True
32,1789567928.0050414,0.0,True
32,1789567928.0386016,0.0008997917175292969,True
32,1789567928.072314,0.0006356239318847656,True
32,1789567928.1038065,0.0006318092346191406,True
32,1789567928.1374907,0.0005218982696533203,True
32,1789567928.1710825,0.0,True
32,1789567928.2044106,0.0010673999786376953,True
32,1789567928.2382066,0.0,True
32,1789567928.2725644,0.0007219314575195312,True
32,1789567928.3060513,0.0006966590881347656,True
32,1789567928.338273,0.0006361007690429688,True
32,1789567928.371888,0.0006668567657470703,True
32,1789567928.4102569,0.0014734268188476562,True
32,1789567928.4383702,0.0006930828094482422,True
32,1789567928.4710908,0.0012552738189697266,True
32,1789567928.472346,0.00054168701171875,True
32,1789567928.5042605,0.0005555152893066406,True
32,1789567928.5382407,0.0,True
32,1789567928.569249,0.0007903575897216797,True
32,1789567928.5922198,0.0006527900695800781,True
32,1789567928.6224272,0.00064849853515625,True
32,1789567928.6543224,0.0011305809020996094,True
32,1789567928.6877089,0.0005292892456054688,True
32,1789567928.7225435,0.0006473064422607422,True
32,1789567928.7602735,0.0,True
32,1789567928.7937381,0.0,True
32,1789567928.8190117,0.0013968944549560547,True
32,1789567928.8551092,0.0,True
32,1789567928.8885214,0.0005764961242675781,True
32,1789567928.9223118,0.0003733634948730469,True
32,1789567928.954527,0.001016855239868164,True
32,1789567928.9872286,0.0010144710540771484,True
32,1789567929.0222034,0.00031685829162597656,True
32,1789567929.055729,0.0008008480072021484,True
32,1789567929.0882025,0.0012583732604980469,True
32,1789567929.1202765,0.0006453990936279297,True
32,1789567929.1540964,0.0,True
32,1789567929.1872149,0.0005049705505371094,True
32,1789567929.2093673,0.0010111331939697266,True
32,1789567929.2379556,0.0005278587341308594,True
32,1789567929.2693002,0.001138448715209961,True
32,1789567929.302633,0.0007841587066650391,True
32,1789567929.338693,0.0005156993865966797,True
32,1789567929.3720524,0.0006961822509765625,True
32,1789567929.403869,0.0030002593994140625,True
32,1789567929.4380128,0.0006530284881591797,True
32,1789567929.472749,0.0005576610565185547,True
32,1789567929.5025265,0.001573801040649414,True
32,1789567929.5041003,0.0,True
32,1789567929.5371764,0.0012323856353759766,True
32,1789567929.5693836,0.001140594482421875,True
32,1789567929.6037292,0.0007507801055908203,True
32,1789567929.637763,0.0010950565338134766,True
32,1789567929.672049,0.0012977123260498047,True
32,1789567929.7051604,0.0007658004760742188,True
32,1789567929.7059262,0.0010113716125488281,True
32,1789567929.739262,0.0,True
32,1789567929.7724864,0.0,True
32,1789567929.8047228,0.000640869140625,True
32,1789567929.8346455,0.0013430118560791016,True
32,1789567929.8566487,0.0,True
32,1789567929.888338,0.0010128021240234375,True
32,1789567929.9217405,0.0008568763732910156,True
32,1789567929.9572313,0.0,True
32,1789567929.9880183,0.0010156631469726562,True
32,1789567930.0203032,0.0006623268127441406,True
32,1789567930.0552678,0.0008611679077148438,True
32,1789567930.0897152,0.000507354736328125,True
32,1789567930.120485,0.0005629062652587891,True
32,1789567930.1542103,0.0,True
32,1789567930.1870112,0.0012788772583007812,True
32,1789567930.2092078,0.004252195358276367,True
32,1789567930.2383366,0.0012924671173095703,True
32,1789567930.2723644,0.0007824897766113281,True
32,1789567930.3051124,0.0010530948638916016,True
32,1789567930.3380163,0.0,True
32,1789567930.3701246,0.0006232261657714844,True
32,1789567930.4023588,0.0,True
32,1789567930.4382854,0.0,True
32,1789567930.4708633,0.0,True
32,1789567930.502599,0.0016880035400390625,True
32,1789567930.504287,0.0,True
32,1789567930.5382824,0.0012209415435791016,True
32,1789567930.5729458,0.0,True
32,1789567930.606983,0.0019087791442871094,True
32,1789567930.64097,0.002033233642578125,True
32,1789567930.6704772,0.0012660026550292969,True
32,1789567930.6918182,0.0016949176788330078,True
32,1789567930.7255733,0.0,True
32,1789567930.7577739,0.000949859619140625,True
32,1789567930.7799282,0.0,True
32,1789567930.803764,0.0,True
32,1789567930.8371737,0.0012352466583251953,True
32,1789567930.8719847,0.0005121231079101562,True
32,1789567930.9034536,0.0005230903625488281,True
32,1789567930.9378395,0.0016298294067382812,True
32,1789567930.9711711,0.0011484622955322266,True
32,1789567930.9723196,0.0,True
32,1789567931.0058663,0.0006051063537597656,True
32,1789567931.0383842,0.0006041526794433594,True
32,1789567931.0540829,0.0,True
32,1789567931.0883484,0.0006253719329833984,True
32,1789567931.1204844,0.0006272792816162109,True
32,1789567931.1543071,0.0,True
32,1789567931.186932,0.0,True
32,1789567931.2203324,0.0008931159973144531,True
32,1789567931.2554333,0.0013370513916015625,True
32,1789567931.2879212,0.0006747245788574219,True
32,1789567931.3204567,0.0008411407470703125,True
32,1789567931.353825,0.0,True
32,1789567931.3867235,0.0007207393646240234,True
32,1789567931.3935115,0.0,True
32,1789567931.419494,0.0004138946533203125,True
32,1789567931.454069,0.00036072731018066406,True
32,1789567931.4761639,0.0005092620849609375,True
32,1789567931.5030222,0.0008726119995117188,True
32,1789567931.5030222,0.0008726119995117188,True
32,1789567931.5365245,0.0010156631469726562,True
32,1789567931.5697947,0.0009555816650390625,True
32,1789567931.5817811,0.0015594959259033203,True
32,1789567931.6053197,0.0005967617034912109,True
32,1789567931.6388025,0.0006201267242431641,True
32,1789567931.6705348,0.0008356571197509766,True
32,1789567931.7034557,0.0005066394805908203,True
32,1789567931.7382755,0.0005095005035400391,True
32,1789567931.7604868,0.0005159378051757812,True
32,1789567931.7928307,0.0005125999450683594,True
32,1789567931.819693,0.0004012584686279297,True
32,1789567931.8530252,0.0,True
32,1789567931.8864865,0.0,True
32,1789567931.919178,0.0005280971527099609,True
32,1789567931.9534788,0.0015530586242675781,True
32,1789567931.9865172,0.0,True
32,1789567932.0191069,0.0005557537078857422,True
32,1789567932.0540607,0.0014848709106445312,True
32,1789567932.087964,0.0,True
32,1789567932.1198878,0.0005075931549072266,True
32,1789567932.1533682,0.0005104541778564453,True
32,1789567932.1707656,0.0,True
32,1789567932.203478,0.0012538433074951172,True
32,1789567932.2280507,0.0010633468627929688,True
32,1789567932.2529793,0.0010082721710205078,True
32,1789567932.287374,0.0,True
32,1789567932.3085043,0.0022306442260742188,True
32,1789567932.3254113,0.0,True
